w_expected,w_upside,w_economic,n_rounds,mean_utility,median_utility,sd_utility,cumulative_utility,mean_cost,pct_budget_binding,rank_mean,within_1pct_best
0.75,0.15,0.1,37,57.792972972972976,56.79,19.026581094304312,2138.34,108.73216216216217,0.0,1,True
0.9,0.05,0.05,37,57.2227027027027,53.85,18.838281304102356,2117.24,109.61594594594594,0.0,2,True
0.8,0.15,0.05,37,57.16972972972974,56.79,18.083945686480913,2115.28,109.38432432432433,0.0,3,False
0.85,0.0,0.15,37,56.9054054054054,52.77,17.996911400847925,2105.5,108.05459459459459,0.02702702702702703,4,False
1.0,0.0,0.0,37,56.88810810810811,53.94000000000001,17.984305632942824,2104.86,109.69351351351351,0.02702702702702703,5,False
0.65,0.15,0.2,37,56.82918918918919,57.709999999999994,20.07480640260578,2102.68,103.7927027027027,0.0,6,False
0.7,0.15,0.15,37,56.77513513513513,54.650000000000006,19.72927134736349,2100.68,106.7554054054054,0.0,7,False
0.85,0.1,0.05,37,56.59054054054054,53.85,19.98506524965663,2093.85,109.5354054054054,0.02702702702702703,8,False
0.75,0.2,0.05,37,56.51459459459459,58.510000000000005,17.45750532556677,2091.04,109.33783783783784,0.0,9,False
0.85,0.15,0.0,37,56.34621621621621,56.79,18.843241988007758,2084.81,109.66027027027027,0.02702702702702703,10,False
0.65,0.1,0.25,37,56.34432432432432,54.589999999999996,18.710525786979506,2084.74,100.01189189189189,0.0,11,False
0.75,0.25,0.0,37,56.329459459459464,58.510000000000005,16.471589504683838,2084.19,109.4981081081081,0.0,12,False
0.65,0.2,0.15,37,56.20648648648648,55.870000000000005,18.58873960466632,2079.64,106.58756756756756,0.0,13,False
0.75,0.1,0.15,37,56.17486486486486,52.81999999999999,20.63274428637128,2078.47,107.21972972972974,0.0,14,False
0.8,0.1,0.1,37,56.17081081081081,53.85,20.557584080168883,2078.32,108.83162162162162,0.02702702702702703,15,False
0.9,0.1,0.0,37,56.14027027027027,56.79,20.09540750277791,2077.19,109.65621621621622,0.02702702702702703,16,False
0.8,0.05,0.15,37,56.098108108108114,52.489999999999995,18.344495819642383,2075.63,107.83108108108108,0.0,17,False
0.95,0.05,0.0,37,56.056216216216214,51.77000000000001,19.364382302359967,2074.08,109.67405405405405,0.0,18,False
0.8,0.0,0.2,37,56.02540540540541,54.650000000000006,17.399247524373415,2072.94,105.7927027027027,0.02702702702702703,19,False
0.7,0.2,0.1,37,55.99243243243243,58.510000000000005,17.82958814340262,2071.72,108.7,0.0,20,False
0.85,0.05,0.1,37,55.97027027027027,52.489999999999995,18.394612056325155,2070.9,108.94189189189188,0.0,21,False
0.5,0.25,0.25,37,55.95135135135135,57.87,16.54820704657929,2070.2,97.09,0.0,22,False
0.7,0.3,0.0,37,55.90243243243243,58.510000000000005,16.7554926989804,2068.39,109.44405405405405,0.0,23,False
0.75,0.05,0.2,37,55.86297297297297,52.87,18.154205185463674,2066.93,105.40378378378378,0.0,24,False
0.8,0.2,0.0,37,55.83432432432432,57.36,17.98015287608666,2065.87,109.6327027027027,0.0,25,False
0.9,0.0,0.1,37,55.833513513513516,53.379999999999995,17.518159976977575,2065.84,109.48405405405406,0.0,26,False
0.95,0.0,0.05,37,55.833513513513516,53.50000000000001,17.96201148971787,2065.84,109.60810810810811,0.0,27,False
0.75,0.0,0.25,37,55.79783783783784,55.040000000000006,15.910871743548173,2064.52,102.83486486486485,0.0,28,False
0.7,0.1,0.2,37,55.717837837837834,53.92,19.43376502309763,2061.56,104.48243243243243,0.0,29,False
0.6,0.15,0.25,37,55.71675675675676,50.65,18.33318970459709,2061.52,99.0381081081081,0.0,30,False
0.7,0.05,0.25,37,55.711351351351354,52.87,17.069146005156366,2061.32,102.56351351351351,0.0,31,False
0.6,0.35,0.05,37,55.65945945945946,54.84,16.903055927840384,2059.4,108.80081081081082,0.0,32,False
0.7,0.25,0.05,37,55.601621621621625,54.19,17.014371623475892,2057.26,109.21108108108108,0.0,33,False
0.65,0.3,0.05,37,55.57189189189189,54.93,16.713096301642853,2056.16,109.15297297297298,0.0,34,False
0.45,0.3,0.25,37,55.472972972972975,52.089999999999996,16.385068891603193,2052.5,96.04351351351352,0.0,35,False
0.6,0.2,0.2,37,55.3754054054054,55.870000000000005,18.92553794840814,2048.89,102.61837837837838,0.0,36,False
0.65,0.25,0.1,37,55.332432432432434,53.85,17.007218305016092,2047.3,108.3772972972973,0.0,37,False
0.55,0.35,0.1,37,55.2972972972973,54.84,15.459211322532427,2046.0,107.65324324324324,0.0,38,False
0.5,0.35,0.15,37,55.24054054054054,54.84,15.71569384510379,2043.9,104.40459459459458,0.0,39,False
0.55,0.4,0.05,37,55.22108108108108,54.84,15.435155361091152,2043.18,108.35081081081081,0.0,40,False
0.5,0.4,0.1,37,55.20324324324324,54.84,15.430789936943542,2042.52,107.0372972972973,0.0,41,False
0.6,0.3,0.1,37,55.18378378378378,54.93,16.679085598329312,2041.8,108.1445945945946,0.0,42,False
0.65,0.35,0.0,37,55.032162162162166,59.85,16.27177961569852,2036.19,109.13162162162162,0.0,43,False
0.55,0.3,0.15,37,55.0027027027027,56.720000000000006,16.160697978712406,2035.1,105.73216216216217,0.0,44,False
0.6,0.4,0.0,37,54.93324324324324,59.85,16.677186522321453,2032.53,108.98027027027027,0.0,45,False
0.5,0.3,0.2,37,54.902702702702705,56.589999999999996,16.66479400290202,2031.4,100.26324324324325,0.0,46,False
0.55,0.1,0.35,37,54.66162162162162,51.209999999999994,16.289084367131245,2022.48,90.5964864864865,0.0,47,False
0.45,0.4,0.15,37,54.64405405405405,54.650000000000006,14.69093171908354,2021.83,103.18027027027027,0.0,48,False
0.55,0.45,0.0,37,54.633783783783784,57.239999999999995,16.791063488149373,2021.45,109.06027027027027,0.0,49,False
0.55,0.2,0.25,37,54.59216216216216,54.79,16.901114219537774,2019.91,98.18891891891892,0.0,50,False
0.6,0.1,0.3,37,54.53837837837838,51.67999999999999,16.24562001031415,2017.92,95.68972972972973,0.0,51,False
0.7,0.0,0.3,37,54.512972972972975,56.85000000000001,17.251027000807305,2016.98,96.45621621621622,0.0,52,False
0.5,0.45,0.05,37,54.508108108108104,53.85,16.696095324928496,2016.8,108.11432432432433,0.0,53,False
0.6,0.25,0.15,37,54.4972972972973,54.93,17.02450009849345,2016.4,106.11378378378379,0.0,54,False
0.45,0.5,0.05,37,54.47675675675676,53.85,16.071165700314555,2015.64,107.79675675675676,0.0,55,False
0.4,0.35,0.25,37,54.44054054054054,52.089999999999996,16.06465373731098,2014.3,93.23351351351351,0.0,56,False
0.55,0.25,0.2,37,54.32297297297298,56.129999999999995,17.85984429210227,2009.95,101.51135135135135,0.0,57,False
0.65,0.0,0.35,37,54.28675675675675,54.309999999999995,16.320878423740634,2008.61,90.96432432432432,0.0,58,False
0.5,0.2,0.3,37,54.25432432432433,51.53999999999999,16.210564891888072,2007.41,93.45594594594594,0.0,59,False
0.45,0.25,0.3,37,54.19,51.53999999999999,17.279498128,2005.03,91.63864864864865,0.0,60,False
0.4,0.5,0.1,37,54.06864864864865,54.529999999999994,15.601008543282308,2000.54,106.2727027027027,0.0,61,False
0.45,0.45,0.1,37,54.06108108108108,53.24,15.234964862261885,2000.26,106.52162162162162,0.0,62,False
0.45,0.35,0.2,37,54.04297297297297,54.47,15.696208293878009,1999.59,99.51594594594594,0.0,63,False
0.4,0.45,0.15,37,54.010270270270276,55.660000000000004,15.280376392703905,1998.38,101.57594594594595,0.0,64,False
0.4,0.3,0.3,37,53.86702702702703,52.089999999999996,16.684765983252984,1993.08,89.17945945945945,0.0,65,False
0.65,0.05,0.3,37,53.586756756756756,50.35,15.686034314718379,1982.71,95.96729729729729,0.0,66,False
0.4,0.4,0.2,37,53.58135135135135,52.64,15.234699275404557,1982.51,97.44972972972973,0.0,67,False
0.35,0.4,0.25,37,53.453783783783784,51.78,16.480955061213223,1977.79,91.64486486486487,0.0,68,False
0.55,0.15,0.3,37,53.384594594594596,50.35,15.906109342463807,1975.23,95.4,0.0,69,False
0.35,0.35,0.3,37,53.23567567567568,50.36999999999999,16.766331762815053,1969.72,86.91513513513515,0.0,70,False
0.5,0.1,0.4,37,53.02324324324324,50.68,15.546445119571734,1961.86,84.87648648648648,0.0,71,False
0.4,0.55,0.05,37,52.994594594594595,51.24,15.221381999344537,1960.8,107.52756756756757,0.0,72,False
0.55,0.05,0.4,37,52.70918918918919,50.45,15.450929022478153,1950.24,85.06432432432433,0.0,73,False
0.3,0.6,0.1,37,52.69297297297297,52.65,13.607150666074409,1949.6399999999999,102.15621621621622,0.0,74,False
0.6,0.05,0.35,37,52.612432432432435,48.970000000000006,16.010668909165506,1946.66,91.4862162162162,0.0,75,False
0.5,0.15,0.35,37,52.597027027027025,48.27000000000001,14.927252643117937,1946.09,89.23054054054055,0.0,76,False
0.5,0.5,0.0,37,52.58513513513514,54.84,17.05885996933715,1945.65,108.67162162162163,0.02702702702702703,77,False
0.6,0.0,0.4,37,52.49567567567567,48.81,16.92353760964962,1942.34,84.1764864864865,0.0,78,False
0.35,0.55,0.1,37,52.45324324324324,52.34,14.709537165853778,1940.77,103.80459459459459,0.0,79,False
0.35,0.45,0.2,37,52.413243243243244,52.64,14.376066347705608,1939.29,95.63513513513513,0.0,80,False
0.35,0.5,0.15,37,52.31864864864865,54.84,14.224042471612433,1935.79,98.60513513513513,0.0,81,False
0.3,0.5,0.2,37,52.31054054054054,52.34,14.074824440575913,1935.49,93.41675675675675,0.0,82,False
0.3,0.55,0.15,37,52.222162162162164,52.65,13.406111403869993,1932.22,97.70432432432432,0.0,83,False
0.25,0.6,0.15,37,52.18972972972973,52.66,13.456495640579124,1931.02,96.94918918918918,0.0,84,False
0.4,0.25,0.35,37,51.82459459459459,47.55,15.506438554246966,1917.51,85.05162162162162,0.0,85,False
0.3,0.45,0.25,37,51.707837837837836,50.279999999999994,15.955455725782874,1913.19,89.22864864864864,0.0,86,False
0.2,0.7,0.1,37,51.69513513513514,52.65,15.274005627139786,1912.72,99.70027027027027,0.0,87,False
0.45,0.15,0.4,37,51.53837837837838,46.56,14.389017515976379,1906.92,83.77729729729731,0.0,88,False
0.25,0.65,0.1,37,51.476216216216216,52.34,14.288586033643803,1904.62,100.72837837837838,0.0,89,False
0.2,0.65,0.15,37,51.384324324324325,52.39,12.77909176492353,1901.22,93.92189189189189,0.0,90,False
0.3,0.4,0.3,37,51.25405405405406,49.11,16.08616407894607,1896.4,85.51891891891891,0.0,91,False
0.35,0.3,0.35,37,51.199459459459455,49.56,15.824231760525088,1894.3799999999999,83.67243243243243,0.0,92,False
0.45,0.2,0.35,37,51.19405405405406,48.78,15.615104414824959,1894.18,86.06405405405405,0.0,93,False
0.55,0.0,0.45,37,50.91567567567568,48.6,17.426316711058426,1883.88,78.94378378378379,0.0,94,False
0.35,0.65,0.0,37,50.68351351351351,52.209999999999994,14.99137811770045,1875.29,108.17054054054054,0.02702702702702703,95,False
0.25,0.7,0.05,37,50.64243243243243,49.95,13.927961166382257,1873.77,104.31027027027027,0.0,96,False
0.25,0.55,0.2,37,50.53297297297297,49.4,13.77314776110564,1869.72,91.32756756756757,0.0,97,False
0.45,0.55,0.0,37,50.53297297297297,50.3,14.020187402627853,1869.72,108.4872972972973,0.02702702702702703,98,False
0.5,0.05,0.45,37,50.53108108108108,49.88999999999999,16.253621439848718,1869.65,79.64054054054054,0.0,99,False
0.15,0.75,0.1,37,50.4627027027027,52.65,13.957523190151024,1867.12,97.49864864864865,0.0,100,False
0.35,0.6,0.05,37,50.39648648648649,49.64,13.266570187299147,1864.67,106.3218918918919,0.0,101,False
0.4,0.6,0.0,37,50.336756756756756,50.64999999999999,13.697801334937347,1862.46,108.17540540540541,0.02702702702702703,102,False
0.3,0.7,0.0,37,50.16567567567567,50.64999999999999,15.393862330404524,1856.1299999999999,107.40243243243243,0.02702702702702703,103,False
0.15,0.7,0.15,37,50.14378378378378,49.4,14.424441901653394,1855.32,92.67243243243243,0.0,104,False
0.3,0.3,0.4,37,50.115675675675675,45.19,16.32544546619386,1854.28,79.42675675675676,0.0,105,False
0.3,0.65,0.05,37,50.09918918918918,50.54,13.754417750586814,1853.6699999999998,105.54540540540542,0.0,106,False
0.3,0.35,0.35,37,50.06702702702703,45.19,16.187219729854245,1852.48,81.46216216216216,0.0,107,False
0.4,0.2,0.4,37,50.01486486486486,46.54999999999999,15.784218493592054,1850.55,82.67081081081082,0.0,108,False
0.2,0.75,0.05,37,49.93027027027027,47.16,14.225924981933217,1847.42,103.23378378378379,0.0,109,False
0.2,0.6,0.2,37,49.77621621621622,47.44,13.027855701310719,1841.72,89.5445945945946,0.0,110,False
0.25,0.4,0.35,37,49.75351351351352,46.34,16.21910502672289,1840.88,80.4581081081081,0.0,111,False
0.25,0.5,0.25,37,49.74297297297297,47.65,14.442382048999026,1840.49,87.83459459459459,0.0,112,False
0.35,0.25,0.4,37,49.73810810810811,44.45,16.31571461945641,1840.31,80.40216216216217,0.0,113,False
0.25,0.75,0.0,37,49.39675675675675,50.64999999999999,14.126077747291445,1827.6799999999998,106.84891891891891,0.0,114,False
0.25,0.45,0.3,37,49.0,46.13,15.778302964655115,1813.0,83.87297297297297,0.0,115,False
0.15,0.8,0.05,37,48.8727027027027,46.61,13.757375324742211,1808.29,102.63270270270272,0.0,116,False
0.15,0.65,0.2,37,48.762702702702704,47.44,14.35718396418258,1804.22,87.50891891891892,0.0,117,False
0.5,0.0,0.5,37,48.68810810810811,45.79,16.0265945363459,1801.46,74.32135135135135,0.0,118,False
0.45,0.1,0.45,37,48.65945945945946,49.87999999999999,15.576825012738555,1800.4,79.01675675675675,0.0,119,False
0.4,0.15,0.45,37,48.548918918918915,46.54999999999999,16.477934367541977,1796.31,78.60324324324324,0.0,120,False
0.2,0.55,0.25,37,48.527567567567566,47.65,14.152518112297862,1795.52,86.32756756756757,0.0,121,False
0.2,0.45,0.35,37,48.47702702702703,46.34,17.264744240610508,1793.65,79.6054054054054,0.0,122,False
0.2,0.5,0.3,37,48.34837837837838,46.13,16.4468488223789,1788.89,82.81243243243243,0.0,123,False
0.1,0.8,0.1,37,48.31675675675676,47.44,13.94894799977046,1787.72,95.24621621621623,0.0,124,False
0.25,0.35,0.4,37,48.28135135135135,44.45,17.267813051095022,1786.4099999999999,78.00756756756758,0.0,125,False
0.35,0.2,0.45,37,48.21378378378379,44.239999999999995,17.070367982649437,1783.91,77.15648648648649,0.0,126,False
0.2,0.4,0.4,37,48.15405405405406,46.13,17.34804591292625,1781.7,76.81756756756756,0.0,127,False
0.25,0.3,0.45,37,47.821351351351346,45.19,17.791545145902273,1769.3899999999999,76.01027027027027,0.0,128,False
0.1,0.55,0.35,37,47.73891891891892,46.510000000000005,17.127613958456383,1766.34,78.08648648648648,0.0,129,False
0.15,0.5,0.35,37,47.733513513513515,46.13,17.053125522615787,1766.14,78.47054054054054,0.0,130,False
0.2,0.35,0.45,37,47.567567567567565,46.13,17.92337105652924,1760.0,75.27945945945946,0.0,131,False
0.15,0.6,0.25,37,47.5527027027027,47.029999999999994,14.808524130950289,1759.45,84.75432432432432,0.0,132,False
0.3,0.25,0.45,37,47.527297297297295,42.85,17.716696244667794,1758.51,77.05891891891892,0.0,133,False
0.15,0.55,0.3,37,47.45243243243243,47.029999999999994,16.110826312591,1755.74,81.4772972972973,0.0,134,False
0.45,0.05,0.5,37,47.17189189189189,46.94,14.960526550046781,1745.36,75.82108108108109,0.0,135,False
0.1,0.7,0.2,37,47.06054054054054,46.5,15.441864263162072,1741.24,85.71567567567567,0.0,136,False
0.2,0.8,0.0,37,46.92189189189189,45.800000000000004,14.224323033654915,1736.11,105.86054054054054,0.0,137,False
0.15,0.4,0.45,37,46.83891891891892,46.13,18.541209025630774,1733.04,74.38945945945946,0.0,138,False
0.4,0.1,0.5,37,46.76783783783784,48.480000000000004,15.830750514800672,1730.41,75.13,0.0,139,False
0.1,0.6,0.3,37,46.75243243243243,47.029999999999994,15.847753153997258,1729.84,80.43864864864865,0.0,140,False
0.1,0.85,0.05,37,46.73486486486487,44.52,13.202273293646067,1729.19,101.03756756756756,0.0,141,False
0.1,0.65,0.25,37,46.725405405405404,46.349999999999994,14.883146619693813,1728.84,83.19648648648649,0.0,142,False
0.1,0.75,0.15,37,46.70324324324324,45.84,15.585929739860113,1728.02,89.48972972972973,0.0,143,False
0.15,0.45,0.4,37,46.678378378378376,45.19,17.742790321942277,1727.1,76.57756756756757,0.0,144,False
0.45,0.0,0.55,37,46.58837837837838,45.17000000000001,15.623447569725572,1723.77,70.74594594594595,0.0,145,False
0.1,0.45,0.45,37,46.47783783783784,44.44,18.103622893273652,1719.68,73.4781081081081,0.0,146,False
0.05,0.7,0.25,37,46.37243243243243,45.3,15.07336694773736,1715.78,81.70648648648648,0.0,147,False
0.05,0.6,0.35,37,46.369729729729734,44.44,16.370412247318246,1715.68,77.17351351351351,0.0,148,False
0.35,0.15,0.5,37,46.35216216216216,46.010000000000005,17.73466068577687,1715.03,74.23783783783784,0.0,149,False
0.1,0.5,0.4,37,46.15135135135135,44.44,17.655253886302226,1707.6,75.67837837837837,0.0,150,False
0.0,0.75,0.25,37,46.08324324324324,45.3,16.27621459097328,1705.08,79.79243243243243,0.0,151,False
0.05,0.65,0.3,37,46.07783783783784,45.3,15.891133120764605,1704.88,79.17405405405405,0.0,152,False
0.05,0.45,0.5,37,46.056216216216214,46.84,17.743822923822027,1704.08,70.65621621621621,0.0,153,False
0.4,0.05,0.55,37,45.98513513513514,46.94,15.775376139488476,1701.45,71.48864864864865,0.0,154,False
0.0,0.7,0.3,37,45.89405405405405,43.84,15.844235625379742,1698.08,77.86540540540541,0.0,155,False
0.0,0.65,0.35,37,45.87513513513514,46.32999999999999,15.408923572906568,1697.38,75.87486486486486,0.0,156,False
0.05,0.75,0.2,37,45.80918918918919,46.349999999999994,15.062507423396674,1694.94,84.41,0.0,157,False
0.0,0.8,0.2,37,45.79675675675676,43.84,14.515650376605791,1694.48,82.73162162162163,0.0,158,False
0.3,0.2,0.5,37,45.71216216216216,42.36,17.662477197458763,1691.35,74.00297297297297,0.0,159,False
0.05,0.5,0.45,37,45.32378378378378,44.44,17.890050827725968,1676.98,72.38027027027027,0.0,160,False
0.35,0.1,0.55,37,45.31648648648649,45.2,16.868550984370657,1676.71,71.28891891891892,0.0,161,False
0.0,0.6,0.4,37,45.27432432432432,44.44,16.74051498287588,1675.1499999999999,73.70243243243243,0.0,162,False
0.25,0.25,0.5,37,45.24621621621621,45.19,18.1105744665239,1674.11,73.14108108108108,0.0,163,False
0.05,0.8,0.15,37,45.174054054054054,45.3,15.149249057197425,1671.44,87.55243243243244,0.0,164,False
0.0,0.85,0.15,37,45.11027027027027,44.78,14.831022570290985,1669.08,85.61054054054054,0.0,165,False
0.05,0.85,0.1,37,45.03810810810811,43.300000000000004,15.53714721380806,1666.41,91.8818918918919,0.0,166,False
0.15,0.35,0.5,37,44.8681081081081,43.230000000000004,18.110579756018275,1660.12,71.90054054054055,0.0,167,False
0.05,0.55,0.4,37,44.85702702702703,44.019999999999996,17.08628427600221,1659.71,75.27621621621621,0.0,168,False
0.0,0.45,0.55,37,44.85648648648649,44.550000000000004,17.775153103922,1659.69,67.52108108108108,0.0,169,False
0.2,0.3,0.5,37,44.81567567567568,44.44,18.076386613563095,1658.18,72.74648648648649,0.0,170,False
0.0,0.55,0.45,37,44.792162162162164,46.150000000000006,17.532185345043924,1657.31,71.83216216216216,0.0,171,False
0.1,0.4,0.5,37,44.685945945945946,43.8,18.149645460182693,1653.3799999999999,71.59324324324324,0.0,172,False
0.4,0.0,0.6,37,44.67864864864865,43.14,17.161300643884474,1653.11,66.06891891891892,0.0,173,False
0.05,0.4,0.55,37,44.637567567567565,46.84,17.241879152131208,1651.59,68.45378378378378,0.0,174,False
0.0,0.4,0.6,37,44.47756756756757,45.54,17.780833533362298,1645.67,65.68891891891892,0.0,175,False
0.35,0.05,0.6,37,44.44837837837838,40.269999999999996,17.700100205854692,1644.59,67.72027027027028,0.0,176,False
0.0,0.5,0.5,37,44.307567567567574,44.550000000000004,16.57337044200147,1639.38,69.34216216216215,0.0,177,False
0.3,0.15,0.55,37,44.20189189189189,41.65,18.249701494946557,1635.47,71.53891891891892,0.0,178,False
0.05,0.9,0.05,37,44.064594594594595,42.050000000000004,12.883746564005575,1630.39,97.61351351351351,0.0,179,False
0.2,0.25,0.55,37,43.83405405405405,42.17,17.851103056403275,1621.86,70.17675675675676,0.0,180,False
0.25,0.2,0.55,37,43.798648648648644,40.730000000000004,18.05298361954521,1620.55,70.66243243243244,0.0,181,False
0.15,0.85,0.0,37,43.65081081081081,40.34000000000001,13.620235431636752,1615.08,105.2554054054054,0.0,182,False
0.3,0.1,0.6,37,43.62108108108108,40.56,17.794792900013036,1613.98,68.70756756756757,0.0,183,False
0.05,0.35,0.6,37,43.16135135135135,39.55,17.317676287886087,1596.97,65.79513513513514,0.0,184,False
0.25,0.15,0.6,37,43.11891891891892,41.370000000000005,18.040022447599945,1595.4,68.51486486486488,0.0,185,False
0.1,0.3,0.6,37,43.04027027027027,41.56,16.42173161908845,1592.49,66.91216216216216,0.0,186,False
0.15,0.3,0.55,37,43.04,41.56,17.30866754612331,1592.48,69.81513513513514,0.0,187,False
0.05,0.3,0.65,37,42.95351351351351,39.55,16.390082573213498,1589.28,64.1981081081081,0.0,188,False
0.2,0.15,0.65,37,42.91189189189189,41.56999999999999,17.37396740941871,1587.74,65.75243243243244,0.0,189,False
0.1,0.35,0.55,37,42.89918918918919,41.56,17.075858588854224,1587.27,69.28027027027026,0.0,190,False
0.15,0.25,0.6,37,42.83162162162162,41.56,16.376511382925088,1584.77,67.57297297297296,0.0,191,False
0.0,0.9,0.1,37,42.814864864864866,43.01,13.89575067374148,1584.15,89.42297297297297,0.0,192,False
0.2,0.2,0.6,37,42.78243243243244,43.739999999999995,16.310409492339787,1582.95,68.14972972972973,0.0,193,False
0.1,0.9,0.0,37,42.56432432432432,40.4,15.331072032629347,1574.8799999999999,105.67351351351351,0.0,194,False
0.25,0.1,0.65,37,42.52243243243243,41.36,17.260377298149493,1573.33,65.37567567567568,0.0,195,False
0.15,0.2,0.65,37,42.04108108108108,43.8,15.807913943441216,1555.52,65.00621621621622,0.0,196,False
0.0,0.35,0.65,37,42.030270270270265,39.050000000000004,17.258153223989602,1555.12,63.87162162162162,0.0,197,False
0.15,0.15,0.7,37,41.53864864864865,39.93,15.830412566070795,1536.93,62.336216216216215,0.0,198,False
0.2,0.1,0.7,37,41.47918918918919,41.36,16.784502670019144,1534.73,62.52918918918919,0.0,199,False
0.35,0.0,0.65,37,41.421891891891896,37.980000000000004,15.929598034587803,1532.6100000000001,61.115405405405404,0.0,200,False
0.3,0.05,0.65,37,41.31027027027027,39.39,16.382430203402954,1528.48,64.13891891891892,0.0,201,False
0.1,0.25,0.65,37,41.282162162162166,38.08,16.563378301263025,1527.44,64.57486486486486,0.0,202,False
0.1,0.2,0.7,37,41.03945945945946,38.08,16.354437716810473,1518.46,62.390540540540535,0.0,203,False
0.05,0.25,0.7,37,40.52216216216216,38.08,15.460722121832747,1499.32,62.02945945945946,0.0,204,False
0.0,0.3,0.7,37,40.28675675675675,39.050000000000004,13.975253337805931,1490.61,62.25405405405406,0.0,205,False
0.1,0.15,0.75,37,40.10351351351351,39.93,15.945289659090934,1483.83,60.1954054054054,0.0,206,False
0.25,0.05,0.7,37,39.77918918918919,39.489999999999995,15.88889031479025,1471.83,60.9227027027027,0.0,207,False
0.05,0.2,0.75,37,39.473243243243246,39.84,14.824388136905807,1460.51,59.89972972972973,0.0,208,False
0.05,0.15,0.8,37,39.398918918918916,38.870000000000005,16.68795853032689,1457.76,57.590810810810815,0.0,209,False
0.15,0.1,0.75,37,38.95918918918919,41.089999999999996,15.951126288757163,1441.49,59.16351351351352,0.0,210,False
0.0,0.95,0.05,37,38.88513513513514,38.0,13.49483226638619,1438.75,94.01810810810811,0.0,211,False
0.05,0.95,0.0,37,38.112972972972976,37.34,14.755163477550807,1410.18,105.71945945945946,0.0,212,False
0.3,0.0,0.7,37,37.98027027027027,37.9,14.607941806216706,1405.27,56.74783783783784,0.0,213,False
0.0,0.2,0.8,37,37.741891891891896,35.339999999999996,15.280481165678474,1396.45,58.3345945945946,0.0,214,False
0.0,0.25,0.75,37,37.72486486486486,36.45,14.31884221375256,1395.82,60.22135135135135,0.0,215,False
0.2,0.05,0.75,37,37.5954054054054,37.66,14.642663425490328,1391.03,56.601351351351354,0.0,216,False
0.1,0.1,0.8,37,37.494324324324324,36.11,16.068381571780535,1387.29,56.1318918918919,0.0,217,False
0.0,0.15,0.85,37,36.5554054054054,32.48,17.209345425377748,1352.55,54.65162162162162,0.0,218,False
0.15,0.05,0.8,37,35.50351351351351,35.669999999999995,14.993790977196788,1313.6299999999999,52.524594594594596,0.0,219,False
0.05,0.1,0.85,37,35.347297297297295,35.32999999999999,14.642864521034856,1307.85,52.67567567567568,0.0,220,False
0.25,0.0,0.75,37,35.08027027027027,35.67,14.997041094549003,1297.97,52.22756756756757,0.0,221,False
0.1,0.05,0.85,37,34.36027027027027,34.78,15.014024644845765,1271.33,50.11648648648649,0.0,222,False
0.2,0.0,0.8,37,33.35621621621622,33.47,14.500430712252683,1234.18,48.451351351351356,0.0,223,False
0.0,0.1,0.9,37,32.76810810810811,31.369999999999994,15.553396348964684,1212.42,50.05783783783784,0.0,224,False
0.05,0.05,0.9,37,32.70297297297297,30.74,14.711603293709068,1210.01,46.846756756756754,0.0,225,False
0.15,0.0,0.85,37,31.720270270270273,33.48,14.36714625775041,1173.65,44.682432432432435,0.0,226,False
0.1,0.0,0.9,37,31.466756756756755,31.599999999999998,11.746031020934037,1164.27,41.57324324324325,0.0,227,False
0.05,0.0,0.95,37,29.7327027027027,28.1,10.849254620748185,1100.11,38.186216216216216,0.0,228,False
0.0,0.05,0.95,37,29.47594594594595,28.41,13.356129150539308,1090.6100000000001,43.891621621621624,0.0,229,False
0.0,0.0,1.0,37,29.107027027027026,28.77,11.027668451285225,1076.96,35.53756756756757,0.0,230,False
0.0,1.0,0.0,37,24.59243243243243,23.740000000000002,13.5373447268012,909.92,95.60756756756757,0.0,231,False
