temporada,rodada_target,strategy,score_column,operational_utility_no_captain,objective_value,cost_total,budget_remaining,budget_binding_indicator,formation_selected,n_selected,lineup_signature
2025,2,Full FAME-DOC,ab_full_doc,32.78,9.81926494345719,110.0,0.0,True,4-3-3,12,104027|109096|113078|70916|81881|82627|89256|90768|93478|97653|99228|99267
2025,3,Full FAME-DOC,ab_full_doc,54.37,10.177225519287834,109.49000000000001,0.5099999999999909,False,4-3-3,12,107771|110510|111594|112709|142279|37715|89256|90285|93879|94207|94509|99815
2025,4,Full FAME-DOC,ab_full_doc,39.53,10.300109170305676,108.49,1.5100000000000051,False,4-3-3,12,102975|104085|110818|112709|112886|117910|72018|77664|87999|91607|92087|95131
2025,5,Full FAME-DOC,ab_full_doc,52.28,10.856906474820144,109.99,0.010000000000005116,False,4-3-3,12,101290|104118|105811|107093|107111|122302|141763|37457|52827|71684|85403|99815
2025,6,Full FAME-DOC,ab_full_doc,71.1,11.011237553342815,109.61,0.39000000000000057,False,4-3-3,12,101290|103056|103445|107111|110715|141525|37457|70360|78850|91866|98672|99815
2025,7,Full FAME-DOC,ab_full_doc,46.16,11.060884831460674,109.23,0.769999999999996,False,4-3-3,12,103056|104204|37457|70360|78445|78850|90703|91866|97900|98672|98909|99815
2025,8,Full FAME-DOC,ab_full_doc,69.92999999999999,10.97170868347339,109.97,0.030000000000001137,False,4-3-3,12,103056|104271|104528|122302|37457|68685|70360|78850|90703|91866|96610|97900
2025,9,Full FAME-DOC,ab_full_doc,60.800000000000004,11.020588235294118,109.56999999999998,0.43000000000002103,False,4-3-3,12,104085|104271|104528|37457|70360|78850|81121|87008|87999|91607|91866|99815
2025,10,Full FAME-DOC,ab_full_doc,58.11999999999999,11.091980474198047,109.42999999999999,0.5700000000000074,False,4-3-3,12,103056|104204|104271|104754|70360|71684|78850|82627|90703|98619|99267|99815
2025,11,Full FAME-DOC,ab_full_doc,40.730000000000004,11.039097222222221,109.79,0.20999999999999375,False,4-3-3,12,104204|104271|104754|106593|109401|131617|78850|87008|87999|90703|97653|99815
2025,12,Full FAME-DOC,ab_full_doc,47.89,11.229063360881545,109.00999999999999,0.9900000000000091,False,4-3-3,12,104250|104754|107554|109401|110715|115248|122486|70360|87008|91866|96610|99267
2025,13,Full FAME-DOC,ab_full_doc,42.0,10.9414030261348,109.32,0.6800000000000068,False,4-3-3,12,103056|104204|104250|104271|107554|109401|110818|70360|91866|96610|97145|99815
2025,14,Full FAME-DOC,ab_full_doc,89.86999999999999,11.231963788300835,109.89999999999999,0.10000000000000853,False,4-3-3,12,103056|104204|105842|106593|130811|131617|37457|78850|80287|90703|96610|98672
2025,15,Full FAME-DOC,ab_full_doc,49.779999999999994,10.941781767955801,109.72,0.28000000000000114,False,4-3-3,12,106593|107554|110818|122486|133669|72018|78850|82627|87342|90703|96610|99267
2025,16,Full FAME-DOC,ab_full_doc,45.4,11.266986301369862,109.77,0.23000000000000398,False,4-3-3,12,102340|103056|105842|126471|130811|131617|37457|70360|78850|80287|90703|96610
2025,17,Full FAME-DOC,ab_full_doc,52.24,11.016256830601094,109.91000000000001,0.0899999999999892,False,4-3-3,12,103056|105647|106593|107554|110818|130811|131617|68685|70360|80287|97867|99267
2025,18,Full FAME-DOC,ab_full_doc,72.12,10.98972972972973,109.63,0.37000000000000455,False,4-3-3,12,103056|105647|106593|107093|110818|126471|130811|131617|70360|80287|96610|97900
2025,19,Full FAME-DOC,ab_full_doc,33.36,10.977897574123991,109.95999999999998,0.040000000000020464,False,4-3-3,12,103056|105647|106593|110818|122486|126216|130811|78850|80287|96610|97867|98517
2025,20,Full FAME-DOC,ab_full_doc,33.169999999999995,11.077510040160643,109.97999999999999,0.020000000000010232,False,4-3-3,12,103056|105842|106593|107554|108713|110818|126471|63007|70360|78850|80287|96610
2025,21,Full FAME-DOC,ab_full_doc,74.94000000000001,11.082142857142857,109.73,0.269999999999996,False,4-3-3,12,103056|104075|105300|126471|131617|145269|78850|80287|82775|93886|94207|96610
2025,22,Full FAME-DOC,ab_full_doc,73.09,11.098044328552804,109.21999999999998,0.7800000000000153,False,4-3-3,12,103056|126471|131617|132071|145269|68899|78850|82775|87887|96610|97653|97810
2025,23,Full FAME-DOC,ab_full_doc,49.10000000000001,11.095736434108526,109.47,0.5300000000000011,False,4-3-3,12,103056|105300|105584|107873|110818|122486|68899|70360|71684|78850|80287|96610
2025,24,Full FAME-DOC,ab_full_doc,43.589999999999996,10.963372093023258,109.63,0.37000000000000455,False,4-3-3,12,106593|107093|107231|122486|145269|71684|78850|80287|86508|96610|97810|98672
2025,25,Full FAME-DOC,ab_full_doc,20.259999999999998,11.021548387096773,109.95000000000002,0.04999999999998295,False,4-3-3,12,104118|104758|105300|108713|114802|145269|68899|70360|71684|80061|82775|98517
2025,26,Full FAME-DOC,ab_full_doc,63.209999999999994,11.074363867684479,109.82000000000001,0.1799999999999926,False,4-3-3,12,103056|104075|122486|133669|145269|68899|71684|78850|80287|82775|93886|96610
2025,27,Full FAME-DOC,ab_full_doc,58.56,11.089390088945363,109.82000000000001,0.1799999999999926,False,4-3-3,12,103056|105436|117330|122486|143194|68685|68899|70360|71684|78850|82775|93411
2025,28,Full FAME-DOC,ab_full_doc,63.019999999999996,11.069961977186312,109.94,0.060000000000002274,False,4-3-3,12,104075|104118|104758|105436|112886|114802|117330|143194|78850|80287|89274|89837
2025,29,Full FAME-DOC,ab_full_doc,64.7,11.089836888331241,109.39999999999999,0.6000000000000085,False,4-3-3,12,100830|100848|115248|122486|126216|68899|71684|78850|80287|89274|92075|97653
2025,30,Full FAME-DOC,ab_full_doc,55.42000000000001,11.072807017543859,109.84,0.1599999999999966,False,4-3-3,12,103347|104758|113103|115248|122486|126216|126471|70449|71684|92075|96610|97867
2025,31,Full FAME-DOC,ab_full_doc,60.879999999999995,11.090499999999999,109.49999999999999,0.5000000000000142,False,4-3-3,12,104758|106708|113103|126471|68996|70360|70449|71684|90703|91772|92075|96610
2025,32,Full FAME-DOC,ab_full_doc,62.45,11.110910224438904,109.99000000000001,0.009999999999990905,False,4-3-3,12,103056|104075|106708|107873|113103|122486|126216|126471|71684|78850|92075|96610
2025,33,Full FAME-DOC,ab_full_doc,63.569999999999986,11.094943820224719,109.67999999999998,0.3200000000000216,False,4-3-3,12,104084|104758|122486|126471|132264|68996|71684|78248|78850|92075|96610|98517
2025,34,Full FAME-DOC,ab_full_doc,75.21000000000001,11.191895261845387,109.61,0.39000000000000057,False,4-3-3,12,100652|103056|104075|106708|122486|126471|68685|78248|78850|80287|92075|98517
2025,35,Full FAME-DOC,ab_full_doc,63.949999999999996,11.100435865504359,109.91,0.09000000000000341,False,4-3-3,12,102253|103056|103912|105436|106708|108274|113103|115248|122486|132264|78850|96610
2025,36,Full FAME-DOC,ab_full_doc,55.87,11.122422360248446,109.66,0.3400000000000034,False,4-3-3,12,105436|106708|108274|115248|122486|68996|71684|78850|79266|92075|95131|96610
2025,37,Full FAME-DOC,ab_full_doc,47.49999999999999,11.264640198511168,109.94999999999999,0.05000000000001137,False,4-3-3,12,103056|106593|108274|122486|126471|132264|68685|78850|92075|96610|97468|98384
2025,38,Full FAME-DOC,ab_full_doc,38.660000000000004,11.161771995043372,109.92000000000002,0.07999999999998408,False,4-3-3,12,106708|108274|122486|126471|130811|132071|68685|72391|78248|87008|95131|96610
2025,2,No upside,ab_no_upside,32.78,10.515917514016914,110.0,0.0,True,4-3-3,12,104027|109096|113078|70916|81881|82627|89256|90768|93478|97653|99228|99267
2025,3,No upside,ab_no_upside,54.37,10.937947285739222,109.49000000000001,0.5099999999999909,False,4-3-3,12,107771|110510|111594|112709|142279|37715|89256|90285|93879|94207|94509|99815
2025,4,No upside,ab_no_upside,39.53,11.08245568969946,108.49,1.5100000000000051,False,4-3-3,12,102975|104085|110818|112709|112886|117910|72018|77664|87999|91607|92087|95131
2025,5,No upside,ab_no_upside,50.26,11.16944561997461,109.53999999999999,0.46000000000000796,False,4-3-3,12,102975|104085|104118|112709|117910|122302|70696|71684|89256|91607|94207|98672
2025,6,No upside,ab_no_upside,70.55000000000001,11.172621537946615,109.63999999999999,0.36000000000001364,False,4-3-3,12,101290|102975|107111|110818|112709|141754|70360|71684|79066|90768|91607|98672
2025,7,No upside,ab_no_upside,52.449999999999996,11.215631196298744,109.19,0.8100000000000023,False,4-3-3,12,104027|112709|70360|71684|78850|79066|89256|90768|94207|96610|98909|99815
2025,8,No upside,ab_no_upside,64.03,11.127121436810018,109.84,0.1599999999999966,False,4-3-3,12,104085|104271|122302|37457|68899|70360|71684|78850|79066|91607|96610|99815
2025,9,No upside,ab_no_upside,58.0,11.20579996704564,109.45,0.5499999999999972,False,4-3-3,12,104085|110727|112709|112886|37457|70360|71684|78850|87999|91607|91808|99815
2025,10,No upside,ab_no_upside,61.77,11.277955533677908,109.5,0.5,False,4-3-3,12,104118|104204|112709|126977|132553|70360|71684|78850|89256|90703|91607|99815
2025,11,No upside,ab_no_upside,75.86,11.23390522875817,109.99,0.010000000000005116,False,4-3-3,12,104027|104204|107726|112709|132553|71684|78850|85004|87999|90703|91607|99815
2025,12,No upside,ab_no_upside,68.72,11.411683681737157,109.77,0.23000000000000398,False,4-3-3,12,104250|104994|107554|109401|111683|112709|115248|122486|126977|87999|91607|96610
2025,13,No upside,ab_no_upside,44.199999999999996,11.096286107290235,109.99,0.010000000000005116,False,4-3-3,12,104118|104994|107554|107726|110727|112709|112886|132580|37457|71684|96610|99815
2025,14,No upside,ab_no_upside,86.92999999999999,11.383663771915451,109.84,0.1599999999999966,False,4-3-3,12,103056|104027|112886|115248|130811|70360|71684|78850|80287|90703|90768|96610
2025,15,No upside,ab_no_upside,49.07999999999999,11.122521936951575,109.56000000000002,0.4399999999999835,False,4-3-3,12,106593|107554|107726|112709|112886|122486|142890|37457|71684|72018|90703|96610
2025,16,No upside,ab_no_upside,46.14999999999999,11.367445608380338,109.93,0.06999999999999318,False,4-3-3,12,103056|104027|106593|107726|112709|131617|70360|71684|78850|84558|90703|96610
2025,17,No upside,ab_no_upside,47.449999999999996,11.12327225972356,109.72000000000001,0.2799999999999869,False,4-3-3,12,103056|104027|105647|106593|107554|107726|112709|122486|142890|68685|71684|80287
2025,18,No upside,ab_no_upside,56.92999999999999,11.138712241653417,109.89999999999999,0.10000000000000853,False,4-3-3,12,104027|104118|105647|106593|107726|110510|112709|112886|126471|68685|71684|80287
2025,19,No upside,ab_no_upside,57.370000000000005,11.14222292690661,109.05000000000001,0.9499999999999886,False,4-3-3,12,104118|112709|112886|115248|122486|37457|71684|78850|80287|93886|96610|97867
2025,20,No upside,ab_no_upside,30.05,11.168044727931335,109.8,0.20000000000000284,False,4-3-3,12,103056|104027|104994|106593|107726|112886|126471|63007|70360|78850|82775|96610
2025,21,No upside,ab_no_upside,101.81,11.171413009648305,109.94,0.060000000000002274,False,4-3-3,12,103056|104027|104075|105300|112709|117632|122486|70360|78850|80287|93886|96610
2025,22,No upside,ab_no_upside,78.32999999999998,11.185750440984739,109.86,0.14000000000000057,False,4-3-3,12,103056|104027|112709|122486|132071|68899|70360|71684|78850|80583|87887|96610
2025,23,No upside,ab_no_upside,73.97999999999999,11.325885392916856,108.74999999999999,1.2500000000000142,False,4-3-3,12,104027|105300|112709|112886|122486|126216|51772|68899|71684|79973|82775|96610
2025,24,No upside,ab_no_upside,69.00999999999999,11.108071135430919,109.69000000000001,0.30999999999998806,False,4-3-3,12,104027|104118|106593|112709|122486|68685|68899|71684|80287|82775|98384|98672
2025,25,No upside,ab_no_upside,33.75,11.21168880455408,109.88999999999999,0.11000000000001364,False,4-3-3,12,104027|104118|104758|108713|112709|126216|68899|70360|71684|80061|88087|96610
2025,26,No upside,ab_no_upside,49.949999999999996,11.301826073941024,109.81000000000002,0.18999999999998352,False,4-3-3,12,104027|104118|112709|112886|122486|133669|68685|68899|71684|82775|88087|93886
2025,27,No upside,ab_no_upside,70.05,11.223185589356452,109.53,0.46999999999999886,False,4-3-3,12,104027|104118|105436|112709|122486|126216|132553|68685|68899|70360|71684|82775
2025,28,No upside,ab_no_upside,57.68,11.175650488332215,109.81,0.18999999999999773,False,4-3-3,12,104075|104118|112709|112886|122486|68899|78850|80287|89837|90943|92702|96610
2025,29,No upside,ab_no_upside,80.10000000000001,11.260609639087754,109.32,0.6800000000000068,False,4-3-3,12,102253|110510|115248|122486|126216|70449|71684|78850|80287|92075|93886|96610
2025,30,No upside,ab_no_upside,57.13,11.273330384785494,109.28999999999999,0.710000000000008,False,4-3-3,12,101727|104027|104085|104758|108713|115248|122486|126216|126471|70449|71684|96610
2025,31,No upside,ab_no_upside,62.05,11.264044117647058,108.88999999999999,1.1100000000000136,False,4-3-3,12,104027|104758|112709|113103|126471|68996|70360|70449|71684|90703|91772|96610
2025,32,No upside,ab_no_upside,46.39,11.278861669356022,109.92000000000002,0.07999999999998408,False,4-3-3,12,104027|112709|115248|122486|126471|133669|70449|71684|78850|93988|96610|97653
2025,33,No upside,ab_no_upside,58.730000000000004,11.243372255269149,109.95,0.04999999999999716,False,4-3-3,12,104027|104758|112709|122486|132264|68685|68899|68996|70449|71684|78248|96610
2025,34,No upside,ab_no_upside,61.85,11.31832184245269,109.81,0.18999999999999773,False,4-3-3,12,101995|103056|104027|112709|122486|132553|63007|68685|78850|80287|98225|98517
2025,35,No upside,ab_no_upside,57.89,11.266061094425316,109.56,0.4399999999999977,False,4-3-3,12,101908|103056|104027|106708|112709|113103|115248|122486|132264|71684|82455|96610
2025,36,No upside,ab_no_upside,32.800000000000004,11.289514066496164,109.75999999999999,0.2400000000000091,False,4-3-3,12,104027|106708|112709|113103|115248|122486|70360|71684|79266|96610|97653|98517
2025,37,No upside,ab_no_upside,42.39999999999999,11.479419062910521,109.53,0.46999999999999886,False,4-3-3,12,101908|104027|112709|122486|126471|132264|68685|78850|79266|90768|96610|98384
2025,38,No upside,ab_no_upside,23.189999999999998,11.32852248706174,109.97,0.030000000000001137,False,4-3-3,12,112709|122486|126471|132071|37457|63007|78248|79266|82639|96610|97460|98384
2025,2,No economic efficiency,ab_no_economic,32.78,9.857162089391492,110.0,0.0,True,4-3-3,12,104027|109096|113078|70916|81881|82627|89256|90768|93478|97653|99228|99267
2025,3,No economic efficiency,ab_no_economic,54.37,10.190158259149356,109.49000000000001,0.5099999999999909,False,4-3-3,12,107771|110510|111594|112709|142279|37715|89256|90285|93879|94207|94509|99815
2025,4,No economic efficiency,ab_no_economic,68.33,10.310650169820477,109.59,0.4099999999999966,False,4-3-3,12,104085|110818|112709|112886|117910|72018|87999|91607|92087|94968|95131|98672
2025,5,No economic efficiency,ab_no_economic,52.28,10.9757793764988,109.99,0.010000000000005116,False,4-3-3,12,101290|104118|105811|107093|107111|122302|141763|37457|52827|71684|85403|99815
2025,6,No economic efficiency,ab_no_economic,78.3,11.104077761972498,109.12999999999998,0.8700000000000188,False,4-3-3,12,101290|103445|107111|115239|141754|37457|52827|70360|78850|91808|91866|98672
2025,7,No economic efficiency,ab_no_economic,48.76,11.141853932584269,109.99000000000001,0.009999999999990905,False,4-3-3,12,103056|109401|37457|70360|78445|78850|90703|91866|97900|98672|98909|99815
2025,8,No economic efficiency,ab_no_economic,60.190000000000005,11.055555555555555,109.77000000000001,0.22999999999998977,False,4-3-3,12,101290|104271|110818|122302|68685|70360|78850|87008|90703|91866|96610|97900
2025,9,No economic efficiency,ab_no_economic,47.400000000000006,11.105742296918764,109.94,0.060000000000002274,False,4-3-3,12,101290|104085|104271|107111|113397|37457|70360|78850|87008|87999|91866|99815
2025,10,No economic efficiency,ab_no_economic,61.919999999999995,11.159693165969315,109.41000000000001,0.5899999999999892,False,4-3-3,12,102340|103056|104204|104271|104754|70360|71684|78850|82627|90703|99267|99815
2025,11,No economic efficiency,ab_no_economic,40.730000000000004,11.130787037037036,109.79,0.20999999999999375,False,4-3-3,12,104204|104271|104754|106593|109401|131617|78850|87008|87999|90703|97653|99815
2025,12,No economic efficiency,ab_no_economic,45.19,11.257805325987144,109.46,0.5400000000000063,False,4-3-3,12,104250|104754|105568|107554|109401|115248|126471|70360|87008|91866|94968|99267
2025,13,No economic efficiency,ab_no_economic,38.3,11.002751031636864,109.38999999999999,0.6100000000000136,False,4-3-3,12,103056|104204|104250|104271|107554|109401|110818|70360|91866|96610|98672|99815
2025,14,No economic efficiency,ab_no_economic,64.16999999999999,11.254410399257196,108.28,1.7199999999999989,False,4-3-3,12,103056|105842|106593|126471|130811|131617|37457|70360|78850|82627|90703|98672
2025,15,No economic efficiency,ab_no_economic,48.48,11.007366482504603,109.48000000000002,0.5199999999999818,False,4-3-3,12,102340|106593|107554|109401|110818|122486|78850|82627|87008|90703|98672|99267
2025,16,No economic efficiency,ab_no_economic,43.89999999999999,11.301369863013695,109.43000000000002,0.569999999999979,False,4-3-3,12,103056|105842|106593|126471|130811|131617|37457|70360|78850|82627|90703|96610
2025,17,No economic efficiency,ab_no_economic,52.24,11.089253187613842,109.91000000000001,0.0899999999999892,False,4-3-3,12,103056|105647|106593|107554|110818|130811|131617|68685|70360|80287|97867|99267
2025,18,No economic efficiency,ab_no_economic,72.12,11.063963963963962,109.63,0.37000000000000455,False,4-3-3,12,103056|105647|106593|107093|110818|126471|130811|131617|70360|80287|96610|97900
2025,19,No economic efficiency,ab_no_economic,33.36,11.056154537286613,109.95999999999998,0.040000000000020464,False,4-3-3,12,103056|105647|106593|110818|122486|126216|130811|78850|80287|96610|97867|98517
2025,20,No economic efficiency,ab_no_economic,32.669999999999995,11.117581436858543,109.74,0.2600000000000051,False,4-3-3,12,103056|104204|105842|106593|110818|126471|130811|63007|70360|78850|80287|96610
2025,21,No economic efficiency,ab_no_economic,71.24,11.163800705467374,109.10999999999999,0.8900000000000148,False,4-3-3,12,103056|104075|105300|107554|126471|131617|145269|70360|78850|80287|96610|98672
2025,22,No economic efficiency,ab_no_economic,73.09,11.19295958279009,109.21999999999998,0.7800000000000153,False,4-3-3,12,103056|126471|131617|132071|145269|68899|78850|82775|87887|96610|97653|97810
2025,23,No economic efficiency,ab_no_economic,49.10000000000001,11.15374677002584,109.47,0.5300000000000011,False,4-3-3,12,103056|105300|105584|107873|110818|122486|68899|70360|71684|78850|80287|96610
2025,24,No economic efficiency,ab_no_economic,66.69000000000001,11.036175710594314,109.96000000000001,0.03999999999999204,False,4-3-3,12,103347|105300|122486|145269|68685|68899|71684|78850|80287|86508|97810|98672
2025,25,No economic efficiency,ab_no_economic,24.060000000000002,11.093333333333335,109.99000000000001,0.009999999999990905,False,4-3-3,12,103056|104758|105300|126216|145269|68899|70360|71684|78850|80061|80287|98517
2025,26,No economic efficiency,ab_no_economic,63.209999999999994,11.118956743002544,109.82000000000001,0.1799999999999926,False,4-3-3,12,103056|104075|122486|133669|145269|68899|71684|78850|80287|82775|93886|96610
2025,27,No economic efficiency,ab_no_economic,58.56,11.146759847522237,109.82000000000001,0.1799999999999926,False,4-3-3,12,103056|105436|117330|122486|143194|68685|68899|70360|71684|78850|82775|93411
2025,28,No economic efficiency,ab_no_economic,63.019999999999996,11.139839459231094,109.94,0.060000000000002274,False,4-3-3,12,104075|104118|104758|105436|112886|114802|117330|143194|78850|80287|89274|89837
2025,29,No economic efficiency,ab_no_economic,64.7,11.156838143036385,109.39999999999999,0.6000000000000085,False,4-3-3,12,100830|100848|115248|122486|126216|68899|71684|78850|80287|89274|92075|97653
2025,30,No economic efficiency,ab_no_economic,55.42000000000001,11.11361737677527,109.84,0.1599999999999966,False,4-3-3,12,103347|104758|113103|115248|122486|126216|126471|70449|71684|92075|96610|97867
2025,31,No economic efficiency,ab_no_economic,61.58,11.137708333333332,109.94999999999999,0.05000000000001137,False,4-3-3,12,104758|106708|113103|117330|126471|68685|68996|70360|70449|71684|90703|92075
2025,32,No economic efficiency,ab_no_economic,47.65,11.166666666666666,109.82,0.18000000000000682,False,4-3-3,12,103056|104075|122486|126216|126471|133669|71684|78445|78850|89274|92075|96610
2025,33,No economic efficiency,ab_no_economic,63.569999999999986,11.152101539741988,109.67999999999998,0.3200000000000216,False,4-3-3,12,104084|104758|122486|126471|132264|68996|71684|78248|78850|92075|96610|98517
2025,34,No economic efficiency,ab_no_economic,61.81,11.233167082294264,109.34999999999998,0.6500000000000199,False,4-3-3,12,103056|104075|106708|122486|126471|68685|78248|78850|80287|82627|89837|92075
2025,35,No economic efficiency,ab_no_economic,63.949999999999996,11.12640099626401,109.91,0.09000000000000341,False,4-3-3,12,102253|103056|103912|105436|106708|108274|113103|115248|122486|132264|78850|96610
2025,36,No economic efficiency,ab_no_economic,53.33,11.170393374741197,109.63000000000001,0.36999999999999034,False,4-3-3,12,103912|104075|105436|106708|108274|115248|122486|68996|78850|87008|95131|96610
2025,37,No economic efficiency,ab_no_economic,47.49999999999999,11.295698924731182,109.94999999999999,0.05000000000001137,False,4-3-3,12,103056|106593|108274|122486|126471|132264|68685|78850|92075|96610|97468|98384
2025,38,No economic efficiency,ab_no_economic,28.859999999999996,11.195373812474182,109.64000000000001,0.3599999999999852,False,4-3-3,12,108274|116065|122486|126471|132071|68685|68996|72391|73384|78248|87008|96610
2025,2,No availability adjustment,ab_no_availability,57.64000000000001,8.914983844911148,110.0,0.0,True,4-3-3,12,100898|107221|107554|111594|115246|70696|80287|87863|89256|91607|95799|99228
2025,3,No availability adjustment,ab_no_availability,22.369999999999997,9.709569732937688,109.85999999999999,0.14000000000001478,False,4-3-3,12,107771|111594|117818|87999|90285|94509|95799|96725|97468|97653|98225|99815
2025,4,No availability adjustment,ab_no_availability,47.03,9.899235807860263,102.94999999999999,7.050000000000011,False,4-3-3,12,109573|110818|112709|117818|117910|71684|87999|90285|94207|94968|95131|97653
2025,5,No availability adjustment,ab_no_availability,46.17999999999999,10.422374100719423,109.24000000000001,0.7599999999999909,False,4-3-3,12,101290|105811|107093|109401|117818|141763|37457|68899|71684|85403|97653|99815
2025,6,No availability adjustment,ab_no_availability,62.5,10.42201280227596,109.96999999999998,0.030000000000015348,False,4-3-3,12,101290|103445|107111|117818|141754|37457|70360|71684|78445|91866|94968|98672
2025,7,No availability adjustment,ab_no_availability,67.16,10.441783707865168,107.4,2.5999999999999943,False,4-3-3,12,100652|117818|37457|70360|78445|78850|88312|90703|91866|98672|98909|99815
2025,8,No availability adjustment,ab_no_availability,59.53,10.385504201680671,110.0,0.0,True,4-3-3,12,104271|117818|122302|37457|70360|71684|78445|91607|91866|96610|98672|99815
2025,9,No availability adjustment,ab_no_availability,50.199999999999996,10.564145658263305,109.67999999999999,0.3200000000000074,False,4-3-3,12,101290|104085|104271|104528|115239|117818|37457|70360|71684|81121|87999|99815
2025,10,No availability adjustment,ab_no_availability,32.22,10.582880055788005,108.26,1.7399999999999949,False,4-3-3,12,104085|104204|104754|117818|130884|70360|71684|78850|82627|90703|96610|99815
2025,11,No availability adjustment,ab_no_availability,58.83,10.495729166666667,109.16,0.8400000000000034,False,4-3-3,12,104085|104204|104754|107554|109401|117818|131617|78850|90703|96610|97653|99815
2025,12,No availability adjustment,ab_no_availability,46.989999999999995,10.444455922865016,109.66,0.3400000000000034,False,4-3-3,12,104085|104754|107221|107554|109401|115248|122486|70360|71684|78850|96610|99267
2025,13,No availability adjustment,ab_no_availability,37.0,10.372764786795049,109.60999999999999,0.3900000000000148,False,4-3-3,12,104085|104204|107554|109401|110818|115674|130811|70360|71684|96610|98672|99815
2025,14,No availability adjustment,ab_no_availability,53.87,10.427472144846796,109.69,0.3100000000000023,False,4-3-3,12,104588|107554|130811|131617|37457|70360|71684|82627|90703|96610|97653|99267
2025,15,No availability adjustment,ab_no_availability,50.07999999999999,10.371305248618786,109.63000000000001,0.36999999999999034,False,4-3-3,12,107221|107554|109401|122486|37457|71684|78850|82627|90703|96610|97653|99267
2025,16,No availability adjustment,ab_no_availability,50.09999999999999,10.471061643835615,108.61,1.3900000000000006,False,4-3-3,12,104588|106593|107554|126471|131617|37457|70360|78850|80287|90703|96610|97653
2025,17,No availability adjustment,ab_no_availability,40.64,10.35037568306011,109.28999999999999,0.710000000000008,False,4-3-3,12,104588|106593|107554|110818|122486|130884|131617|68685|80287|96610|97653|99267
2025,18,No availability adjustment,ab_no_availability,57.519999999999996,10.430844594594594,109.53,0.46999999999999886,False,4-3-3,12,104588|106593|107554|110818|126471|131617|68685|70360|78850|80287|96610|97653
2025,19,No availability adjustment,ab_no_availability,37.959999999999994,10.369811320754717,109.81999999999998,0.18000000000002103,False,4-3-3,12,110818|116065|122486|126216|131753|69783|78850|80287|93886|96610|97867|98672
2025,20,No availability adjustment,ab_no_availability,50.760000000000005,10.424062918340029,109.7,0.29999999999999716,False,4-3-3,12,106593|107554|122486|126471|37457|63007|70360|78850|80287|84094|96610|97653
2025,21,No availability adjustment,ab_no_availability,72.14,10.44596560846561,109.69999999999999,0.30000000000001137,False,4-3-3,12,105300|126471|131617|131753|133669|145269|63007|78850|80287|82775|96610|97653
2025,22,No availability adjustment,ab_no_availability,64.69,10.404758800521511,109.39999999999999,0.6000000000000085,False,4-3-3,12,121823|122486|126471|131617|145269|68899|71684|78850|82775|96610|97653|97810
2025,23,No availability adjustment,ab_no_availability,43.5,10.59186046511628,109.36999999999998,0.6300000000000239,False,4-3-3,12,105300|107093|110818|113103|115248|122486|131753|68899|71684|78850|80287|96610
2025,24,No availability adjustment,ab_no_availability,43.190000000000005,10.428649870801033,109.92000000000002,0.07999999999998408,False,4-3-3,12,107093|122486|131753|145269|68899|71684|78850|80287|96610|97653|98672|98909
2025,25,No availability adjustment,ab_no_availability,41.75,10.47,109.9,0.09999999999999432,False,4-3-3,12,104027|104758|113690|126216|68899|70360|71684|80061|80287|82775|87863|97653
2025,26,No availability adjustment,ab_no_availability,52.74999999999999,10.379961832061067,109.94000000000001,0.05999999999998806,False,4-3-3,12,104027|121823|122486|133669|68685|68899|71684|78850|80287|82775|96610|97653
2025,27,No availability adjustment,ab_no_availability,74.66,10.491963151207116,109.92999999999999,0.07000000000000739,False,4-3-3,12,105436|106708|122486|126216|131753|143194|68685|70360|71684|82775|96610|97653
2025,28,No availability adjustment,ab_no_availability,37.82,10.342680608365018,109.75999999999999,0.2400000000000091,False,4-3-3,12,104075|108713|112886|131753|143194|68685|71684|78850|80287|82775|89837|96610
2025,29,No availability adjustment,ab_no_availability,43.7,10.51957340025094,109.79999999999998,0.20000000000001705,False,4-3-3,12,104758|115248|122486|126216|126471|131753|71684|80287|82775|92075|96610|97653
2025,30,No availability adjustment,ab_no_availability,70.47,10.49235588972431,108.48,1.519999999999996,False,4-3-3,12,103912|104085|104758|113103|115248|122486|126216|126471|131753|71684|82775|96610
2025,31,No availability adjustment,ab_no_availability,29.679999999999996,10.4939375,109.55999999999999,0.44000000000001194,False,4-3-3,12,107859|113103|126216|126471|70360|71684|78850|82775|90703|92075|96610|97653
2025,32,No availability adjustment,ab_no_availability,36.35,10.581670822942645,109.79999999999998,0.20000000000001705,False,4-3-3,12,113103|115248|122486|126216|126471|131753|71684|78850|82775|92075|96610|97653
2025,33,No availability adjustment,ab_no_availability,52.669999999999995,10.509519350811486,109.88999999999999,0.11000000000001364,False,4-3-3,12,104085|104758|107859|122486|126471|132264|68685|68996|71684|78850|92075|96610
2025,34,No availability adjustment,ab_no_availability,34.11,10.506670822942644,109.64999999999999,0.3500000000000085,False,4-3-3,12,104085|104758|106708|122486|126471|131753|133669|68685|71684|80287|92075|96610
2025,35,No availability adjustment,ab_no_availability,55.849999999999994,10.525466998754668,109.64999999999999,0.3500000000000085,False,4-3-3,12,104085|104758|113103|115248|121823|122486|133669|37457|68685|71684|78850|96610
2025,36,No availability adjustment,ab_no_availability,41.25,10.551583850931676,109.80000000000001,0.19999999999998863,False,4-3-3,12,104085|106708|115248|122486|126471|141038|37457|71684|78850|80287|95131|96610
2025,37,No availability adjustment,ab_no_availability,39.599999999999994,10.678411910669974,109.12,0.8799999999999955,False,4-3-3,12,104085|106708|122486|126471|132264|142268|68685|71684|78850|92075|96610|98384
2025,38,No availability adjustment,ab_no_availability,28.659999999999997,10.558767038413878,109.34,0.6599999999999966,False,4-3-3,12,104085|104758|122486|126471|132071|133669|146964|68685|71684|72391|78850|96610
2025,2,Expected-only normalized representation,ab_expected_only_normalized,32.78,10.654281098546042,110.0,0.0,True,4-3-3,12,104027|109096|113078|70916|81881|82627|89256|90768|93478|97653|99228|99267
2025,3,Expected-only normalized representation,ab_expected_only_normalized,54.37,11.054896142433234,109.49000000000001,0.5099999999999909,False,4-3-3,12,107771|110510|111594|112709|142279|37715|89256|90285|93879|94207|94509|99815
2025,4,Expected-only normalized representation,ab_expected_only_normalized,68.33,11.199417758369723,109.59,0.4099999999999966,False,4-3-3,12,104085|110818|112709|112886|117910|72018|87999|91607|92087|94968|95131|98672
2025,5,Expected-only normalized representation,ab_expected_only_normalized,49.38,11.303597122302158,109.77,0.23000000000000398,False,4-3-3,12,101290|102975|104085|104118|112709|117910|122302|37457|71684|89256|91607|98672
2025,6,Expected-only normalized representation,ab_expected_only_normalized,70.55000000000001,11.300142247510669,109.63999999999999,0.36000000000001364,False,4-3-3,12,101290|102975|107111|110818|112709|141754|70360|71684|79066|90768|91607|98672
2025,7,Expected-only normalized representation,ab_expected_only_normalized,52.449999999999996,11.308988764044944,109.19,0.8100000000000023,False,4-3-3,12,104027|112709|70360|71684|78850|79066|89256|90768|94207|96610|98909|99815
2025,8,Expected-only normalized representation,ab_expected_only_normalized,64.03,11.233893557422968,109.84,0.1599999999999966,False,4-3-3,12,104085|104271|122302|37457|68899|70360|71684|78850|79066|91607|96610|99815
2025,9,Expected-only normalized representation,ab_expected_only_normalized,40.6,11.30952380952381,109.80999999999999,0.19000000000001194,False,4-3-3,12,102975|104085|104271|110727|112886|37457|70360|71684|87999|91607|91808|99815
2025,10,Expected-only normalized representation,ab_expected_only_normalized,55.95,11.361227336122733,109.00999999999999,0.9900000000000091,False,4-3-3,12,104027|104118|104204|112709|71684|78850|89256|90703|90768|91607|98909|99815
2025,11,Expected-only normalized representation,ab_expected_only_normalized,75.86,11.331944444444446,109.99,0.010000000000005116,False,4-3-3,12,104027|104204|107726|112709|132553|71684|78850|85004|87999|90703|91607|99815
2025,12,Expected-only normalized representation,ab_expected_only_normalized,68.72,11.458677685950413,109.77,0.23000000000000398,False,4-3-3,12,104250|104994|107554|109401|111683|112709|115248|122486|126977|87999|91607|96610
2025,13,Expected-only normalized representation,ab_expected_only_normalized,44.199999999999996,11.181568088033014,109.99,0.010000000000005116,False,4-3-3,12,104118|104994|107554|107726|110727|112709|112886|132580|37457|71684|96610|99815
2025,14,Expected-only normalized representation,ab_expected_only_normalized,86.92999999999999,11.42200557103064,109.84,0.1599999999999966,False,4-3-3,12,103056|104027|112886|115248|130811|70360|71684|78850|80287|90703|90768|96610
2025,15,Expected-only normalized representation,ab_expected_only_normalized,49.07999999999999,11.187845303867404,109.56000000000002,0.4399999999999835,False,4-3-3,12,106593|107554|107726|112709|112886|122486|142890|37457|71684|72018|90703|96610
2025,16,Expected-only normalized representation,ab_expected_only_normalized,46.14999999999999,11.419178082191781,109.93,0.06999999999999318,False,4-3-3,12,103056|104027|106593|107726|112709|131617|70360|71684|78850|84558|90703|96610
2025,17,Expected-only normalized representation,ab_expected_only_normalized,47.449999999999996,11.207650273224044,109.72000000000001,0.2799999999999869,False,4-3-3,12,103056|104027|105647|106593|107554|107726|112709|122486|142890|68685|71684|80287
2025,18,Expected-only normalized representation,ab_expected_only_normalized,56.92999999999999,11.239189189189188,109.89999999999999,0.10000000000000853,False,4-3-3,12,104027|104118|105647|106593|107726|110510|112709|112886|126471|68685|71684|80287
2025,19,Expected-only normalized representation,ab_expected_only_normalized,44.31999999999999,11.223719676549864,109.88,0.12000000000000455,False,4-3-3,12,104027|104118|105647|107726|112709|126216|71684|78850|80287|93886|96610|97867
2025,20,Expected-only normalized representation,ab_expected_only_normalized,31.450000000000003,11.255689424364123,109.91,0.09000000000000341,False,4-3-3,12,103056|104027|106593|107093|107726|112886|126471|71684|78850|80287|93886|96610
2025,21,Expected-only normalized representation,ab_expected_only_normalized,99.71000000000001,11.256613756613758,109.7,0.29999999999999716,False,4-3-3,12,103056|104027|105300|112709|122486|126471|131617|71684|78850|80287|93886|96610
2025,22,Expected-only normalized representation,ab_expected_only_normalized,68.72999999999999,11.297262059973924,109.80999999999999,0.19000000000001194,False,4-3-3,12,104027|122486|126471|132071|68899|71684|78850|79973|82775|87887|96610|97810
2025,23,Expected-only normalized representation,ab_expected_only_normalized,73.97999999999999,11.392764857881136,108.74999999999999,1.2500000000000142,False,4-3-3,12,104027|105300|112709|112886|122486|126216|51772|68899|71684|79973|82775|96610
2025,24,Expected-only normalized representation,ab_expected_only_normalized,67.60999999999999,11.20671834625323,109.86,0.14000000000000057,False,4-3-3,12,104027|104118|105175|106593|112709|112886|122486|68685|68899|71684|80287|98672
2025,25,Expected-only normalized representation,ab_expected_only_normalized,33.75,11.300645161290321,109.88999999999999,0.11000000000001364,False,4-3-3,12,104027|104118|104758|108713|112709|126216|68899|70360|71684|80061|88087|96610
2025,26,Expected-only normalized representation,ab_expected_only_normalized,49.949999999999996,11.377862595419847,109.81000000000002,0.18999999999998352,False,4-3-3,12,104027|104118|112709|112886|122486|133669|68685|68899|71684|82775|88087|93886
2025,27,Expected-only normalized representation,ab_expected_only_normalized,64.85,11.303684879288436,109.96,0.04000000000000625,False,4-3-3,12,104027|104118|105436|112709|122486|126216|68685|68899|71684|78850|88312|98384
2025,28,Expected-only normalized representation,ab_expected_only_normalized,64.58,11.247148288973383,109.45,0.5499999999999972,False,4-3-3,12,104027|104075|104118|108713|112709|112886|122486|68899|78850|89837|96610|97653
2025,29,Expected-only normalized representation,ab_expected_only_normalized,70.7,11.338770388958595,109.79999999999998,0.20000000000001705,False,4-3-3,12,101727|115248|122486|126216|68899|70449|71684|78850|80287|92075|93886|97653
2025,30,Expected-only normalized representation,ab_expected_only_normalized,52.93000000000001,11.343358395989974,109.92,0.0799999999999983,False,4-3-3,12,101727|104027|104085|104118|104758|113103|115248|122486|126216|126471|71684|82455
2025,31,Expected-only normalized representation,ab_expected_only_normalized,53.45,11.32625,109.44999999999999,0.5500000000000114,False,4-3-3,12,104027|104758|112709|113103|126471|70360|70449|71684|90703|91772|93988|96610
2025,32,Expected-only normalized representation,ab_expected_only_normalized,46.39,11.359102244389028,109.92000000000002,0.07999999999998408,False,4-3-3,12,104027|112709|115248|122486|126471|133669|70449|71684|78850|93988|96610|97653
2025,33,Expected-only normalized representation,ab_expected_only_normalized,58.730000000000004,11.314606741573034,109.95,0.04999999999999716,False,4-3-3,12,104027|104758|112709|122486|132264|68685|68899|68996|70449|71684|78248|96610
2025,34,Expected-only normalized representation,ab_expected_only_normalized,72.75,11.364089775561096,109.62,0.37999999999999545,False,4-3-3,12,103056|104027|106708|112709|122486|126471|132553|63007|68685|78248|80287|98384
2025,35,Expected-only normalized representation,ab_expected_only_normalized,57.89,11.306351183063514,109.56,0.4399999999999977,False,4-3-3,12,101908|103056|104027|106708|112709|113103|115248|122486|132264|71684|82455|96610
2025,36,Expected-only normalized representation,ab_expected_only_normalized,49.0,11.359006211180123,109.95999999999998,0.040000000000020464,False,4-3-3,12,101314|104027|106708|115248|122486|68685|70360|71684|79266|82639|96610|97653
2025,37,Expected-only normalized representation,ab_expected_only_normalized,42.39999999999999,11.519851116625311,109.53,0.46999999999999886,False,4-3-3,12,101908|104027|112709|122486|126471|132264|68685|78850|79266|90768|96610|98384
2025,38,Expected-only normalized representation,ab_expected_only_normalized,33.15,11.380421313506814,109.94,0.060000000000002274,False,4-3-3,12,105258|112709|116706|122486|126471|68685|78248|82639|87008|96610|98384|99366
2025,2,Availability-adjusted expected prediction,ab_expected_prediction,47.779999999999994,32.294968592482505,110.0,0.0,True,4-3-3,12,104027|104528|104666|113078|70916|81881|81952|87258|89256|97653|98619|99440
2025,3,Availability-adjusted expected prediction,ab_expected_prediction,39.269999999999996,43.826875455721066,109.84,0.1599999999999966,False,4-3-3,12,103014|107771|110510|111594|112709|50353|87999|90285|91607|93879|94509|99815
2025,4,Availability-adjusted expected prediction,ab_expected_prediction,61.54,53.5366930650275,109.88999999999999,0.11000000000001364,False,4-3-3,12,103056|104085|104528|105811|111594|112709|117910|126977|131516|77664|87999|91607
2025,5,Availability-adjusted expected prediction,ab_expected_prediction,37.78000000000001,54.811100927178956,109.44000000000001,0.5599999999999881,False,4-3-3,12,102975|104085|104528|112709|117910|122302|37457|71684|79066|89256|91607|98672
2025,6,Availability-adjusted expected prediction,ab_expected_prediction,76.08,54.49933062421507,109.79,0.20999999999999375,False,4-3-3,12,101290|102975|104027|107111|112709|132553|70360|71684|79066|91607|98672|99815
2025,7,Availability-adjusted expected prediction,ab_expected_prediction,47.75000000000001,55.301956442589294,109.83000000000001,0.1699999999999875,False,4-3-3,12,102253|104027|112709|70360|71684|78850|79066|89256|91607|94207|96610|99815
2025,8,Availability-adjusted expected prediction,ab_expected_prediction,64.13,55.00897281484382,109.83999999999999,0.1600000000000108,False,4-3-3,12,102253|104271|112709|37457|39148|68899|70360|79066|91607|96610|97460|99815
2025,9,Availability-adjusted expected prediction,ab_expected_prediction,49.4,55.50381347247582,109.33,0.6700000000000017,False,4-3-3,12,104271|104528|111683|112709|132553|37457|70360|87999|91607|96610|97460|99815
2025,10,Availability-adjusted expected prediction,ab_expected_prediction,73.55,54.5479460972079,109.85999999999999,0.14000000000001478,False,4-3-3,12,102253|104027|104204|112709|39148|78850|87863|90703|91808|97460|98909|99815
2025,11,Availability-adjusted expected prediction,ab_expected_prediction,92.96000000000001,52.51471841780714,109.75,0.25,False,4-3-3,12,104027|107726|109401|110727|112709|132553|71684|78850|85004|87999|91607|99815
2025,12,Availability-adjusted expected prediction,ab_expected_prediction,65.35,52.228166717300255,109.84,0.1599999999999966,False,4-3-3,12,103445|105990|107554|109401|110727|111683|112709|115248|141525|39148|87999|97341
2025,13,Availability-adjusted expected prediction,ab_expected_prediction,38.6,54.198546569419904,109.83999999999999,0.1600000000000108,False,4-3-3,12,102253|107554|107726|111683|112709|112886|132580|37457|87863|96610|97460|99815
2025,14,Availability-adjusted expected prediction,ab_expected_prediction,77.14999999999999,50.33864941032467,109.93,0.06999999999999318,False,4-3-3,12,102975|103056|105842|112886|115248|70360|70696|71684|78850|80287|90703|96610
2025,15,Availability-adjusted expected prediction,ab_expected_prediction,60.18,53.67667417899741,109.8,0.20000000000000284,False,4-3-3,12,102253|103445|105990|107554|107726|112709|122486|142890|37457|72018|96610|99267
2025,16,Availability-adjusted expected prediction,ab_expected_prediction,47.05,53.28767680464794,109.89000000000001,0.10999999999998522,False,4-3-3,12,102340|103056|105842|107726|112709|126977|70360|78850|80287|84558|90703|96610
2025,17,Availability-adjusted expected prediction,ab_expected_prediction,34.050000000000004,53.219454649971716,110.0,0.0,True,4-3-3,12,102253|103056|103445|104027|104502|105647|107554|112709|142890|39148|80287|97460
2025,18,Availability-adjusted expected prediction,ab_expected_prediction,64.63,52.286670252543836,109.36,0.6400000000000006,False,4-3-3,12,102253|103056|104027|107726|110510|112709|126471|39148|68685|80287|90943|96610
2025,19,Availability-adjusted expected prediction,ab_expected_prediction,54.42,52.821050427376896,109.67,0.3299999999999983,False,4-3-3,12,102253|103445|104027|104118|112709|112886|115248|122486|78850|93886|96610|97867
2025,20,Availability-adjusted expected prediction,ab_expected_prediction,38.14999999999999,54.27831752218463,109.96000000000001,0.03999999999999204,False,4-3-3,12,102253|103056|103445|104027|105842|107726|112886|126471|63007|78850|82639|96610
2025,21,Availability-adjusted expected prediction,ab_expected_prediction,99.41000000000001,52.58934468899222,109.94000000000001,0.05999999999998806,False,4-3-3,12,103056|103445|104027|104075|112709|115248|122486|78850|80287|87863|90943|93886
2025,22,Availability-adjusted expected prediction,ab_expected_prediction,73.22999999999999,54.61075997660275,109.74999999999999,0.2500000000000142,False,4-3-3,12,103445|104027|112709|122486|68899|70360|72801|78850|79973|80583|87863|90943
2025,23,Availability-adjusted expected prediction,ab_expected_prediction,62.68,56.50090481297867,109.95,0.04999999999999716,False,4-3-3,12,104027|105300|107873|108713|112709|122486|133543|71684|79973|82775|87863|96610
2025,24,Availability-adjusted expected prediction,ab_expected_prediction,55.809999999999995,55.433023736329666,109.76,0.23999999999999488,False,4-3-3,12,102253|104027|104118|112709|112886|122486|82775|87863|96610|97460|98384|98672
2025,25,Availability-adjusted expected prediction,ab_expected_prediction,36.35,56.46305066381776,109.97999999999999,0.020000000000010232,False,4-3-3,12,102253|104027|104118|104758|112709|114802|126216|68899|70360|80061|87863|97460
2025,26,Availability-adjusted expected prediction,ab_expected_prediction,59.849999999999994,55.108143698531876,109.69999999999999,0.30000000000001137,False,4-3-3,12,102253|103056|104027|112709|112886|114802|122486|68685|82775|93886|96610|97460
2025,27,Availability-adjusted expected prediction,ab_expected_prediction,60.550000000000004,56.23831380035471,109.89999999999998,0.10000000000002274,False,4-3-3,12,104027|105436|112709|112886|122486|68685|70360|70449|82775|87863|96793|97460
2025,28,Availability-adjusted expected prediction,ab_expected_prediction,85.08000000000001,54.77777499077835,109.86999999999999,0.13000000000000966,False,4-3-3,12,103445|104027|104118|104502|105214|112709|114802|122486|78850|90943|96610|97460
2025,29,Availability-adjusted expected prediction,ab_expected_prediction,81.39000000000001,55.72805272512482,109.86999999999999,0.13000000000000966,False,4-3-3,12,100830|101727|104027|114802|115248|122486|78850|80287|90943|93886|96610|97460
2025,30,Availability-adjusted expected prediction,ab_expected_prediction,40.43,57.05553148965839,109.85000000000001,0.14999999999999147,False,4-3-3,12,102256|104027|104758|113034|113103|114802|122486|126471|78850|79266|96610|97460
2025,31,Availability-adjusted expected prediction,ab_expected_prediction,62.45,55.792951431460544,109.98,0.01999999999999602,False,4-3-3,12,103445|104027|104502|104758|111246|112709|113103|114802|126471|70449|96610|97460
2025,32,Availability-adjusted expected prediction,ab_expected_prediction,73.79,57.05096229253647,109.98,0.01999999999999602,False,4-3-3,12,102253|104027|112709|114802|115248|122486|126471|70449|78850|80287|92182|96610
2025,33,Availability-adjusted expected prediction,ab_expected_prediction,67.93,57.16989790556945,109.94,0.060000000000002274,False,4-3-3,12,103445|104027|104758|112709|114802|122486|70449|78248|87742|96610|97460|98517
2025,34,Availability-adjusted expected prediction,ab_expected_prediction,62.550000000000004,54.9814028250155,109.93,0.06999999999999318,False,4-3-3,12,103056|103445|104027|112709|117330|122486|126471|132553|78850|80287|90532|98517
2025,35,Availability-adjusted expected prediction,ab_expected_prediction,64.28999999999999,58.1704231669202,109.88999999999999,0.11000000000001364,False,4-3-3,12,104027|105990|112709|113103|114802|115248|122486|78850|86508|96610|97460|98517
2025,36,Availability-adjusted expected prediction,ab_expected_prediction,52.400000000000006,58.4710763333022,109.64000000000001,0.3599999999999852,False,4-3-3,12,102253|103445|104027|104502|112709|114802|115248|122486|78850|79266|97460|98517
2025,37,Availability-adjusted expected prediction,ab_expected_prediction,49.49999999999999,57.879381547706785,109.82,0.18000000000000682,False,4-3-3,12,101908|104027|112709|113034|122486|126471|132264|51413|68685|78850|96610|98384
2025,38,Availability-adjusted expected prediction,ab_expected_prediction,28.89,59.13897470432687,109.86999999999999,0.13000000000000966,False,4-3-3,12,103445|112709|113034|116706|122486|37457|63007|77777|82639|86508|96610|97460
2025,2,Pure conditional prediction,ab_conditional_prediction,55.38,41.989485018873225,110.0,0.0,True,4-3-3,12,100898|104027|104528|107554|111582|111594|114802|115246|87863|89256|91607|99228
2025,3,Pure conditional prediction,ab_conditional_prediction,32.97,48.4351454569159,109.89,0.10999999999999943,False,4-3-3,12,100652|104528|107726|107771|107958|111582|111594|87999|94509|97468|97653|99815
2025,4,Pure conditional prediction,ab_conditional_prediction,55.14,56.950534657421755,109.92999999999999,0.07000000000000739,False,4-3-3,12,104528|105811|112709|117818|117910|126977|133679|77664|87999|91607|94968|97653
2025,5,Pure conditional prediction,ab_conditional_prediction,35.08,58.051267859684486,109.48,0.519999999999996,False,4-3-3,12,102975|104528|112709|117818|117910|122302|37457|71684|89256|91607|97653|98672
2025,6,Pure conditional prediction,ab_conditional_prediction,62.580000000000005,58.17566557534415,108.97999999999998,1.0200000000000244,False,4-3-3,12,101290|102975|104027|104085|104528|107111|112709|117818|141754|71684|91607|98672
2025,7,Pure conditional prediction,ab_conditional_prediction,42.35000000000001,59.21607862046626,109.03999999999999,0.960000000000008,False,4-3-3,12,104027|104528|112709|131753|141795|70360|71684|78445|94207|96610|98672|99815
2025,8,Pure conditional prediction,ab_conditional_prediction,65.43,59.52927961478321,109.79,0.20999999999999375,False,4-3-3,12,104271|104528|112709|117818|130393|141795|37457|39148|91607|96610|98672|99815
2025,9,Pure conditional prediction,ab_conditional_prediction,48.199999999999996,60.36090497024917,109.77999999999999,0.22000000000001307,False,4-3-3,12,104528|112709|115239|117818|129659|133679|37457|70360|87999|91607|96610|99815
2025,10,Pure conditional prediction,ab_conditional_prediction,60.55,59.94376255806483,109.78999999999999,0.21000000000000796,False,4-3-3,12,104027|104204|112709|131753|133679|141040|39148|70360|78850|87863|96610|99815
2025,11,Pure conditional prediction,ab_conditional_prediction,66.66000000000001,57.689077569645164,110.0,0.0,True,4-3-3,12,104027|104204|107111|112709|131753|144255|39148|78850|91607|96610|97653|99815
2025,12,Pure conditional prediction,ab_conditional_prediction,51.519999999999996,57.08993433431779,109.92999999999999,0.07000000000000739,False,4-3-3,12,103445|107554|110727|112709|115248|126977|131753|144255|39148|71684|87999|91607
2025,13,Pure conditional prediction,ab_conditional_prediction,46.400000000000006,59.35806539530087,109.90999999999998,0.09000000000001762,False,4-3-3,12,107726|112709|131753|132580|141419|144255|37457|39148|78850|87863|96610|99815
2025,14,Pure conditional prediction,ab_conditional_prediction,34.269999999999996,56.5726627026525,109.8,0.20000000000000284,False,4-3-3,12,104085|112709|112886|115248|131753|141154|37457|70360|78850|87863|94207|96610
2025,15,Pure conditional prediction,ab_conditional_prediction,64.28,59.168750330590896,109.95,0.04999999999999716,False,4-3-3,12,103445|104085|107554|107726|111407|112709|115674|141419|142890|37457|39148|96610
2025,16,Pure conditional prediction,ab_conditional_prediction,45.65,58.55392065913117,109.58999999999999,0.4100000000000108,False,4-3-3,12,103445|104085|107726|112709|126977|131753|141419|78850|80287|84558|90703|96610
2025,17,Pure conditional prediction,ab_conditional_prediction,36.15,58.384367892643404,110.0,0.0,True,4-3-3,12,103445|104027|104588|107554|111407|112709|141433|144255|39148|68685|80287|96610
2025,18,Pure conditional prediction,ab_conditional_prediction,71.83000000000001,58.096453667216764,109.91,0.09000000000000341,False,4-3-3,12,103445|104027|106593|107726|112709|126471|130711|131753|68685|78850|80287|96610
2025,19,Pure conditional prediction,ab_conditional_prediction,37.67,58.19611767550864,109.78999999999999,0.21000000000000796,False,4-3-3,12,103445|107726|112709|122486|131753|141078|37457|63007|78850|93886|96610|97867
2025,20,Pure conditional prediction,ab_conditional_prediction,42.44999999999999,60.75514521513666,109.38,0.6200000000000045,False,4-3-3,12,103445|104027|107726|112709|112886|141084|145560|63007|78850|84094|87863|96610
2025,21,Pure conditional prediction,ab_conditional_prediction,91.71,58.70821078428963,109.77000000000001,0.22999999999998977,False,4-3-3,12,103445|104027|112709|122486|126471|131753|142049|145648|78850|80287|87863|96610
2025,22,Pure conditional prediction,ab_conditional_prediction,69.63,60.58956017310591,109.43999999999998,0.5600000000000165,False,4-3-3,12,103445|104027|109096|112709|121823|122486|141131|142049|68899|78850|87863|96610
2025,23,Pure conditional prediction,ab_conditional_prediction,60.879999999999995,62.055652131885566,109.85,0.15000000000000568,False,4-3-3,12,103445|104027|107873|108713|112709|122486|131753|142049|71684|82775|87863|96610
2025,24,Pure conditional prediction,ab_conditional_prediction,37.81,61.474757336452654,109.88000000000001,0.11999999999999034,False,4-3-3,12,104027|112709|114802|122486|123649|131753|142049|80287|82775|87863|96610|98672
2025,25,Pure conditional prediction,ab_conditional_prediction,40.24999999999999,62.504582811660455,109.89999999999999,0.10000000000000853,False,4-3-3,12,103445|104027|112709|114802|121823|126216|142047|142049|68899|82775|87863|96610
2025,26,Pure conditional prediction,ab_conditional_prediction,36.74999999999999,60.50504005521073,109.33000000000001,0.6699999999999875,False,4-3-3,12,103445|104027|104085|112709|112886|121823|122486|146430|68685|82775|93886|96610
2025,27,Pure conditional prediction,ab_conditional_prediction,69.95,62.15575762525316,109.99,0.010000000000005116,False,4-3-3,12,104027|112709|122486|126216|131753|131762|145648|39148|68685|78850|87863|96610
2025,28,Pure conditional prediction,ab_conditional_prediction,83.08,60.405747321294946,109.95,0.04999999999999716,False,4-3-3,12,103445|104027|104502|112709|114802|122486|131753|142049|145648|78850|87863|96610
2025,29,Pure conditional prediction,ab_conditional_prediction,46.209999999999994,62.57170747226175,109.87,0.12999999999999545,False,4-3-3,12,104758|112709|114802|115248|122486|131753|142049|145648|37457|80287|87863|96610
2025,30,Pure conditional prediction,ab_conditional_prediction,43.03000000000001,64.31072221640869,109.96,0.04000000000000625,False,4-3-3,12,104027|112709|113103|114802|122486|126471|131753|142049|145648|82775|87863|96610
2025,31,Pure conditional prediction,ab_conditional_prediction,49.95,62.37335475768403,109.32000000000001,0.6799999999999926,False,4-3-3,12,103445|104027|112709|113103|114802|121823|142049|145648|78850|87863|90703|96610
2025,32,Pure conditional prediction,ab_conditional_prediction,59.19000000000001,62.84962979269093,109.58,0.4200000000000017,False,4-3-3,12,104027|112709|114802|122486|126471|131753|142049|145648|78850|80287|87863|96610
2025,33,Pure conditional prediction,ab_conditional_prediction,68.53,63.168571242829714,109.74,0.2600000000000051,False,4-3-3,12,103445|104027|107174|112709|114802|121823|122486|142049|145648|78850|87863|96610
2025,34,Pure conditional prediction,ab_conditional_prediction,50.25,61.52565052360224,109.78,0.21999999999999886,False,4-3-3,12,103445|104027|112709|114802|115248|122486|142049|145648|146833|78850|82455|87863
2025,35,Pure conditional prediction,ab_conditional_prediction,84.99000000000001,64.69089669745188,109.28999999999999,0.710000000000008,False,4-3-3,12,103445|104027|112709|114802|115248|121823|122486|126471|142868|145648|78850|96610
2025,36,Pure conditional prediction,ab_conditional_prediction,32.1,65.17450170206615,109.85999999999999,0.14000000000001478,False,4-3-3,12,103445|104027|112709|114802|115248|122486|126471|141038|142049|145648|78850|96610
2025,37,Pure conditional prediction,ab_conditional_prediction,37.4,65.20277739749301,109.59,0.4099999999999966,False,4-3-3,12,103445|104027|112709|122486|126471|142049|142268|145648|68685|78850|87863|98384
2025,38,Pure conditional prediction,ab_conditional_prediction,18.05,66.3802971759037,108.78999999999999,1.210000000000008,False,4-3-3,12,103445|112709|116706|122486|126471|142049|145648|146964|63007|78850|96610|99366
2025,2,Equal-weight representation,ab_equal_weight,18.150000000000002,8.747711362412492,56.0,54.0,False,4-3-3,12,113078|121830|126977|131825|70916|85403|91627|93879|97450|97460|97653|99119
2025,3,Equal-weight representation,ab_equal_weight,38.97,9.11078140454995,81.53999999999999,28.460000000000008,False,4-3-3,12,103014|107726|107771|110510|111594|112709|141996|68991|85403|93879|94207|94509
2025,4,Equal-weight representation,ab_equal_weight,70.64,9.299611838913147,74.63,35.370000000000005,False,4-3-3,12,103056|107726|111594|112709|112886|116461|117910|124912|126977|80583|85403|94207
2025,5,Equal-weight representation,ab_equal_weight,37.080000000000005,10.873860911270983,71.67,38.33,False,4-3-3,12,102253|107093|107179|111407|141763|37457|70360|85403|85930|88312|92085|98517
2025,6,Equal-weight representation,ab_equal_weight,62.50000000000001,10.940256045519202,87.57,22.430000000000007,False,4-3-3,12,101290|102253|103056|141754|37457|70360|78445|78850|79701|85930|91866|98672
2025,7,Equal-weight representation,ab_equal_weight,40.76,10.950374531835205,104.66000000000001,5.339999999999989,False,4-3-3,12,102253|103056|37457|70360|78445|78850|88323|90703|91866|98672|98909|99815
2025,8,Equal-weight representation,ab_equal_weight,42.89,10.73249299719888,102.59,7.409999999999997,False,4-3-3,12,101594|104271|110818|122302|131617|70360|78850|87008|87863|90703|91866|97900
2025,9,Equal-weight representation,ab_equal_weight,67.10000000000001,10.818394024276378,98.31999999999998,11.680000000000021,False,4-3-3,12,104085|104271|131617|37457|70360|78850|81121|87008|87999|88323|91866|99815
2025,10,Equal-weight representation,ab_equal_weight,61.81999999999999,10.92329149232915,107.43,2.569999999999993,False,4-3-3,12,102340|103056|104204|104271|104754|105568|70360|78850|90703|98619|99267|99815
2025,11,Equal-weight representation,ab_equal_weight,40.83,10.838425925925925,102.33,7.670000000000002,False,4-3-3,12,102340|104204|104754|107554|116447|124280|131617|78850|87008|90703|97653|99815
2025,12,Equal-weight representation,ab_equal_weight,50.989999999999995,11.07346189164371,109.01,0.9899999999999949,False,4-3-3,12,104250|104754|105568|107093|107554|109401|70360|79701|87008|91866|96610|99267
2025,13,Equal-weight representation,ab_equal_weight,34.1,10.836772122879411,108.55,1.4500000000000028,False,4-3-3,12,103056|104204|107554|108274|110818|131617|70360|78850|91866|96610|98672|99815
2025,14,Equal-weight representation,ab_equal_weight,75.27,11.109563602599815,107.42,2.5799999999999983,False,4-3-3,12,103056|104204|105842|130811|131617|37457|78850|82627|90703|92440|96610|98672
2025,15,Equal-weight representation,ab_equal_weight,49.779999999999994,10.837016574585633,109.72,0.28000000000000114,False,4-3-3,12,106593|107554|110818|122486|133669|72018|78850|82627|87342|90703|96610|99267
2025,16,Equal-weight representation,ab_equal_weight,43.629999999999995,11.140182648401828,108.74,1.2600000000000051,False,4-3-3,12,102340|103056|105842|126471|130811|131617|70360|78450|78850|80287|90703|96610
2025,17,Equal-weight representation,ab_equal_weight,53.440000000000005,10.873406193078326,109.67,0.3299999999999983,False,4-3-3,12,102340|103056|107554|110818|130811|131617|133669|68685|80287|96610|97867|99267
2025,18,Equal-weight representation,ab_equal_weight,81.62,10.85135135135135,109.34,0.6599999999999966,False,4-3-3,12,103056|106593|107554|110818|126471|130811|131617|133669|68685|80287|96610|97900
2025,19,Equal-weight representation,ab_equal_weight,44.16,10.82210242587601,105.64999999999999,4.3500000000000085,False,4-3-3,12,103056|108274|110818|126216|126471|130811|131617|78850|80287|96610|97867|98517
2025,20,Equal-weight representation,ab_equal_weight,31.169999999999998,10.964301651048638,108.36999999999999,1.6300000000000097,False,4-3-3,12,103056|105842|107554|110818|126471|133669|63007|70360|78850|80287|96610|97867
2025,21,Equal-weight representation,ab_equal_weight,71.83999999999999,10.973544973544973,102.85999999999999,7.140000000000015,False,4-3-3,12,103056|104075|105300|107554|126471|131617|133669|145269|78850|80287|96610|98517
2025,22,Equal-weight representation,ab_equal_weight,58.18999999999999,10.935245545415036,105.49,4.510000000000005,False,4-3-3,12,103056|108274|126471|131617|132071|145269|68899|78850|87863|87887|90309|99213
2025,23,Equal-weight representation,ab_equal_weight,38.400000000000006,10.90396210163652,108.98000000000002,1.0199999999999818,False,4-3-3,12,103014|103056|105300|105584|107873|108274|110818|122486|122781|78850|87863|96610
2025,24,Equal-weight representation,ab_equal_weight,39.39,10.766580534022395,109.96000000000001,0.03999999999999204,False,4-3-3,12,104075|107093|107231|122486|122781|145269|78850|80287|86508|87863|97867|98672
2025,25,Equal-weight representation,ab_equal_weight,38.26,10.79956989247312,109.25999999999999,0.7400000000000091,False,4-3-3,12,104758|105300|107554|107989|114802|145269|68899|70360|86508|87863|91866|98517
2025,26,Equal-weight representation,ab_equal_weight,65.11,10.839270568278202,108.41000000000001,1.5899999999999892,False,4-3-3,12,101995|103056|104075|107093|107989|133669|145269|68685|68899|78850|80287|96610
2025,27,Equal-weight representation,ab_equal_weight,73.66,10.952986022871666,109.91,0.09000000000000341,False,4-3-3,12,103056|105436|108274|117330|121792|122486|143194|68685|78850|93411|93716|96610
2025,28,Equal-weight representation,ab_equal_weight,69.82000000000001,10.910435149978877,108.82999999999998,1.170000000000016,False,4-3-3,12,103056|104075|105436|107093|107170|114802|117330|143194|78850|80287|89837|96610
2025,29,Equal-weight representation,ab_equal_weight,77.20000000000002,10.94897532413216,106.52999999999999,3.470000000000013,False,4-3-3,12,100830|105842|108274|115248|122486|126216|78850|80287|81121|92075|93716|96610
2025,30,Equal-weight representation,ab_equal_weight,52.02,10.871345029239766,109.25,0.75,False,4-3-3,12,103056|104758|105842|108274|113103|115248|122486|126216|126471|78850|92075|96610
2025,31,Equal-weight representation,ab_equal_weight,61.08,10.864166666666666,109.91,0.09000000000000341,False,4-3-3,12,104758|106708|113103|114802|117330|126471|68996|79266|90703|90943|92075|96610
2025,32,Equal-weight representation,ab_equal_weight,67.05,10.911886949293432,108.58000000000001,1.4199999999999875,False,4-3-3,12,101995|103056|104075|106708|107873|113103|122486|126471|78850|80287|92075|96610
2025,33,Equal-weight representation,ab_equal_weight,64.07000000000001,10.894298793175198,108.83999999999999,1.1600000000000108,False,4-3-3,12,100830|104075|113103|122486|126471|68996|78248|78850|92075|93716|96610|98517
2025,34,Equal-weight representation,ab_equal_weight,73.71000000000001,11.009559434746468,109.67999999999999,0.3200000000000074,False,4-3-3,12,103056|103445|104075|106708|122486|126471|78248|78850|80287|89837|92075|98517
2025,35,Equal-weight representation,ab_equal_weight,60.74999999999999,10.958488999584889,109.21999999999998,0.7800000000000153,False,4-3-3,12,102253|103056|103912|105436|106708|107873|108274|113103|122486|78850|80287|96610
2025,36,Equal-weight representation,ab_equal_weight,64.53,10.93374741200828,108.99999999999999,1.0000000000000142,False,4-3-3,12,102253|103056|103912|105436|106708|108274|113103|115248|122486|68996|78850|96610
2025,37,Equal-weight representation,ab_equal_weight,57.3,11.097187758478082,109.46000000000001,0.539999999999992,False,4-3-3,12,101960|103056|103912|105300|107873|108274|122486|126471|132264|68685|78850|93716
2025,38,Equal-weight representation,ab_equal_weight,17.06,10.946716232961585,109.54999999999998,0.45000000000001705,False,4-3-3,12,106708|107873|108274|122486|126471|132071|68996|72391|78248|87008|93716|96610
