w_expected,w_upside,w_economic,l1_distance_to_original,mean_utility_2024,rank_2024,mean_utility_2025,rank_2025
0.0,0.0,1.0,1.7999999999999998,29.107027027027026,230,30.45594594594595,231
0.0,0.05,0.95,1.7,29.47594594594595,229,34.575945945945946,228
0.0,0.1,0.9,1.6,32.76810810810811,224,37.3072972972973,226
0.0,0.15,0.85,1.5,36.5554054054054,218,37.55135135135136,225
0.0,0.2,0.8,1.4,37.741891891891896,214,39.89,220
0.0,0.25,0.75,1.4,37.72486486486486,215,40.233513513513515,218
0.0,0.3,0.7,1.4,40.28675675675675,205,40.75945945945946,216
0.0,0.35,0.65,1.4,42.030270270270265,197,42.16594594594595,207
0.0,0.4,0.6,1.4,44.47756756756757,175,42.38648648648648,205
0.0,0.45,0.55,1.4,44.85648648648649,169,43.946216216216214,194
0.0,0.5,0.5,1.4,44.307567567567574,177,44.802972972972974,189
0.0,0.55,0.45,1.4,44.792162162162164,171,45.825405405405405,179
0.0,0.6,0.4,1.4,45.27432432432432,162,47.00108108108108,169
0.0,0.65,0.35,1.4,45.87513513513514,156,48.203783783783784,148
0.0,0.7,0.3,1.4,45.89405405405405,155,46.59594594594594,173
0.0,0.75,0.25,1.4,46.08324324324324,151,46.90945945945946,171
0.0,0.8,0.2,1.4000000000000001,45.79675675675676,158,47.33378378378378,162
0.0,0.85,0.15,1.4,45.11027027027027,165,47.18702702702703,165
0.0,0.9,0.1,1.4,42.814864864864866,192,44.40054054054054,192
0.0,0.95,0.05,1.5,38.88513513513514,211,42.66702702702703,202
0.0,1.0,0.0,1.6,24.59243243243243,231,32.620000000000005,230
0.05,0.0,0.95,1.6999999999999997,29.7327027027027,228,33.799189189189185,229
0.05,0.05,0.9,1.6,32.70297297297297,225,38.611621621621616,224
0.05,0.1,0.85,1.5,35.347297297297295,220,39.56135135135135,222
0.05,0.15,0.8,1.4,39.398918918918916,209,39.66675675675676,221
0.05,0.2,0.75,1.2999999999999998,39.473243243243246,208,40.03864864864865,219
0.05,0.25,0.7,1.2999999999999998,40.52216216216216,204,41.62135135135135,210
0.05,0.3,0.65,1.2999999999999998,42.95351351351351,188,41.5172972972973,212
0.05,0.35,0.6,1.2999999999999998,43.16135135135135,184,42.33783783783784,206
0.05,0.4,0.55,1.2999999999999998,44.637567567567565,174,43.15432432432433,200
0.05,0.45,0.5,1.2999999999999998,46.056216216216214,153,45.46405405405405,181
0.05,0.5,0.45,1.2999999999999998,45.32378378378378,160,46.0181081081081,176
0.05,0.55,0.4,1.3,44.85702702702703,168,47.54054054054054,160
0.05,0.6,0.35,1.2999999999999998,46.369729729729734,148,48.321621621621624,145
0.05,0.65,0.3,1.2999999999999998,46.07783783783784,152,48.545945945945945,143
0.05,0.7,0.25,1.2999999999999998,46.37243243243243,147,47.71378378378379,156
0.05,0.75,0.2,1.3,45.80918918918919,157,48.30972972972973,146
0.05,0.8,0.15,1.3,45.174054054054054,164,46.60081081081081,172
0.05,0.85,0.1,1.2999999999999998,45.03810810810811,166,46.489999999999995,174
0.05,0.9,0.05,1.4,44.064594594594595,179,44.80486486486486,188
0.05,0.95,0.0,1.5,38.112972972972976,212,41.60216216216216,211
0.1,0.0,0.9,1.6,31.466756756756755,227,36.45756756756757,227
0.1,0.05,0.85,1.5,34.36027027027027,222,40.89972972972973,215
0.1,0.1,0.8,1.4,37.494324324324324,217,41.027837837837836,214
0.1,0.15,0.75,1.3,40.10351351351351,206,41.73243243243243,209
0.1,0.2,0.7,1.2,41.03945945945946,203,42.02945945945946,208
0.1,0.25,0.65,1.2,41.282162162162166,202,42.86108108108108,201
0.1,0.3,0.6,1.2,43.04027027027027,186,43.21351351351352,199
0.1,0.35,0.55,1.2000000000000002,42.89918918918919,190,45.35297297297297,182
0.1,0.4,0.5,1.2000000000000002,44.685945945945946,172,46.45594594594594,175
0.1,0.45,0.45,1.2,46.47783783783784,146,47.24783783783784,164
0.1,0.5,0.4,1.2,46.15135135135135,150,47.83378378378378,154
0.1,0.55,0.35,1.2,47.73891891891892,129,49.83378378378378,128
0.1,0.6,0.3,1.2,46.75243243243243,140,49.45,133
0.1,0.65,0.25,1.2,46.725405405405404,142,48.652702702702705,142
0.1,0.7,0.2,1.2,47.06054054054054,136,48.05837837837837,151
0.1,0.75,0.15,1.2,46.70324324324324,143,48.89,140
0.1,0.8,0.1,1.2000000000000002,48.31675675675676,124,47.067567567567565,167
0.1,0.85,0.05,1.3,46.73486486486487,141,47.619729729729734,157
0.1,0.9,0.0,1.4,42.56432432432432,194,45.22162162162162,184
0.15,0.0,0.85,1.5,31.720270270270273,226,39.048918918918915,223
0.15,0.05,0.8,1.4,35.50351351351351,219,41.48891891891892,213
0.15,0.1,0.75,1.2999999999999998,38.95918918918919,210,42.619729729729734,203
0.15,0.15,0.7,1.2,41.53864864864865,198,42.516216216216215,204
0.15,0.2,0.65,1.1,42.04108108108108,196,43.832432432432434,196
0.15,0.25,0.6,1.0999999999999999,42.83162162162162,191,44.50027027027027,191
0.15,0.3,0.55,1.1,43.04,187,45.81648648648649,180
0.15,0.35,0.5,1.1,44.8681081081081,167,47.325945945945946,163
0.15,0.4,0.45,1.1,46.83891891891892,138,48.17891891891892,149
0.15,0.45,0.4,1.1,46.678378378378376,144,49.21405405405405,137
0.15,0.5,0.35,1.0999999999999999,47.733513513513515,130,51.53918918918919,106
0.15,0.55,0.3,1.0999999999999999,47.45243243243243,134,49.263513513513516,135
0.15,0.6,0.25,1.0999999999999999,47.5527027027027,132,49.78243243243244,129
0.15,0.65,0.2,1.1,48.762702702702704,117,49.83864864864865,127
0.15,0.7,0.15,1.0999999999999999,50.14378378378378,104,50.08189189189189,121
0.15,0.75,0.1,1.1,50.4627027027027,100,49.85216216216216,126
0.15,0.8,0.05,1.2,48.8727027027027,116,47.79810810810811,155
0.15,0.85,0.0,1.2999999999999998,43.65081081081081,182,45.9972972972973,178
0.2,0.0,0.8,1.4,33.35621621621622,223,40.68459459459459,217
0.2,0.05,0.75,1.2999999999999998,37.5954054054054,216,43.41891891891892,198
0.2,0.1,0.7,1.2,41.47918918918919,199,44.35702702702703,193
0.2,0.15,0.65,1.1,42.91189189189189,189,43.52324324324324,197
0.2,0.2,0.6,1.0,42.78243243243244,193,45.25405405405406,183
0.2,0.25,0.55,1.0,43.83405405405405,180,45.152702702702705,185
0.2,0.3,0.5,0.9999999999999999,44.81567567567568,170,47.41918918918919,161
0.2,0.35,0.45,0.9999999999999999,47.567567567567565,131,47.909729729729726,153
0.2,0.4,0.4,1.0,48.15405405405406,127,50.300540540540545,119
0.2,0.45,0.35,1.0,48.47702702702703,122,52.509459459459464,93
0.2,0.5,0.3,0.9999999999999999,48.34837837837838,123,52.111351351351345,98
0.2,0.55,0.25,1.0,48.527567567567566,121,49.61405405405405,131
0.2,0.6,0.2,0.9999999999999999,49.77621621621622,110,50.33297297297297,117
0.2,0.65,0.15,1.0,51.384324324324325,90,51.17648648648649,111
0.2,0.7,0.1,0.9999999999999999,51.69513513513514,87,50.45027027027027,116
0.2,0.75,0.05,1.1,49.93027027027027,109,47.582432432432434,158
0.2,0.8,0.0,1.2000000000000002,46.92189189189189,137,48.06,150
0.25,0.0,0.75,1.2999999999999998,35.08027027027027,221,44.62783783783784,190
0.25,0.05,0.7,1.2,39.77918918918919,207,45.05135135135136,186
0.25,0.1,0.65,1.1,42.52243243243243,195,43.88918918918919,195
0.25,0.15,0.6,1.0,43.11891891891892,185,44.902432432432434,187
0.25,0.2,0.55,0.9,43.798648648648644,181,46.01621621621622,177
0.25,0.25,0.5,0.8999999999999999,45.24621621621621,163,47.01756756756757,168
0.25,0.3,0.45,0.8999999999999999,47.821351351351346,128,48.785405405405406,141
0.25,0.35,0.4,0.8999999999999999,48.28135135135135,125,52.814054054054054,85
0.25,0.4,0.35,0.8999999999999999,49.75351351351352,111,52.72135135135135,90
0.25,0.45,0.3,0.8999999999999999,49.0,115,52.719459459459465,91
0.25,0.5,0.25,0.9,49.74297297297297,112,52.62756756756757,92
0.25,0.55,0.2,0.9,50.53297297297297,97,50.61945945945946,115
0.25,0.6,0.15,0.8999999999999999,52.18972972972973,84,51.825135135135135,101
0.25,0.65,0.1,0.8999999999999999,51.476216216216216,89,51.20972972972973,110
0.25,0.7,0.05,1.0,50.64243243243243,96,49.060810810810814,138
0.25,0.75,0.0,1.1,49.39675675675675,114,48.262702702702704,147
0.3,0.0,0.7,1.2,37.98027027027027,213,47.141621621621624,166
0.3,0.05,0.65,1.1,41.31027027027027,201,47.54243243243243,159
0.3,0.1,0.6,1.0,43.62108108108108,183,46.93783783783784,170
0.3,0.15,0.55,0.9,44.20189189189189,178,47.961891891891895,152
0.3,0.2,0.5,0.8,45.71216216216216,159,48.468918918918924,144
0.3,0.25,0.45,0.7999999999999999,47.527297297297295,133,49.00216216216216,139
0.3,0.3,0.4,0.8,50.115675675675675,105,52.72918918918919,88
0.3,0.35,0.35,0.7999999999999999,50.06702702702703,107,52.77,87
0.3,0.4,0.3,0.7999999999999999,51.25405405405406,91,54.2572972972973,66
0.3,0.45,0.25,0.7999999999999999,51.707837837837836,86,54.91675675675676,53
0.3,0.5,0.2,0.7999999999999999,52.31054054054054,82,52.81675675675676,84
0.3,0.55,0.15,0.8,52.222162162162164,83,52.83378378378379,82
0.3,0.6,0.1,0.7999999999999999,52.69297297297297,74,50.99621621621621,112
0.3,0.65,0.05,0.9,50.09918918918918,106,49.479729729729726,132
0.3,0.7,0.0,0.9999999999999999,50.16567567567567,103,49.41216216216216,134
0.35,0.0,0.65,1.1,41.421891891891896,200,49.233513513513515,136
0.35,0.05,0.6,1.0,44.44837837837838,176,51.47621621621622,108
0.35,0.1,0.55,0.9,45.31648648648649,161,51.76837837837838,103
0.35,0.15,0.5,0.8,46.35216216216216,149,49.73756756756757,130
0.35,0.2,0.45,0.7,48.21378378378379,126,50.07621621621622,122
0.35,0.25,0.4,0.7,49.73810810810811,113,53.82378378378378,74
0.35,0.3,0.35,0.7,51.199459459459455,92,54.795675675675675,55
0.35,0.35,0.3,0.7,53.23567567567568,70,55.461891891891895,43
0.35,0.4,0.25,0.7000000000000001,53.453783783783784,68,55.26810810810811,47
0.35,0.45,0.2,0.7,52.413243243243244,80,53.777027027027025,76
0.35,0.5,0.15,0.7,52.31864864864865,81,52.92027027027027,81
0.35,0.55,0.1,0.7,52.45324324324324,79,51.32729729729729,109
0.35,0.6,0.05,0.8,50.39648648648649,101,49.98783783783784,123
0.35,0.65,0.0,0.9,50.68351351351351,95,50.325675675675676,118
0.4,0.0,0.6,1.0,44.67864864864865,173,49.95162162162162,124
0.4,0.05,0.55,0.9,45.98513513513514,154,52.817837837837835,83
0.4,0.1,0.5,0.7999999999999999,46.76783783783784,139,52.093513513513514,99
0.4,0.15,0.45,0.7,48.548918918918915,120,52.118648648648644,97
0.4,0.2,0.4,0.6,50.01486486486486,108,54.241081081081084,67
0.4,0.25,0.35,0.5999999999999999,51.82459459459459,85,56.14702702702703,27
0.4,0.3,0.3,0.5999999999999999,53.86702702702703,65,56.10648648648649,29
0.4,0.35,0.25,0.5999999999999999,54.44054054054054,56,55.167297297297296,50
0.4,0.4,0.2,0.6,53.58135135135135,67,54.32297297297298,64
0.4,0.45,0.15,0.5999999999999999,54.010270270270276,64,54.48243243243243,62
0.4,0.5,0.1,0.5999999999999999,54.06864864864865,61,51.69027027027027,104
0.4,0.55,0.05,0.7,52.994594594594595,72,49.87405405405405,125
0.4,0.6,0.0,0.7999999999999999,50.336756756756756,102,50.263513513513516,120
0.45,0.0,0.55,0.9,46.58837837837838,145,53.78135135135135,75
0.45,0.05,0.5,0.8,47.17189189189189,135,53.32,79
0.45,0.1,0.45,0.7,48.65945945945946,119,54.796216216216216,54
0.45,0.15,0.4,0.6,51.53837837837838,88,54.218648648648646,69
0.45,0.2,0.35,0.4999999999999999,51.19405405405406,93,55.784324324324324,38
0.45,0.25,0.3,0.4999999999999999,54.19,60,56.47540540540541,22
0.45,0.3,0.25,0.4999999999999999,55.472972972972975,35,56.83837837837838,14
0.45,0.35,0.2,0.4999999999999999,54.04297297297297,63,55.641081081081076,39
0.45,0.4,0.15,0.49999999999999994,54.64405405405405,48,55.3681081081081,45
0.45,0.45,0.1,0.49999999999999994,54.06108108108108,62,53.85243243243243,73
0.45,0.5,0.05,0.6,54.47675675675676,55,51.53621621621621,107
0.45,0.55,0.0,0.7,50.53297297297297,98,50.722972972972975,114
0.5,0.0,0.5,0.8,48.68810810810811,118,54.05432432432433,72
0.5,0.05,0.45,0.7,50.53108108108108,99,55.28243243243244,46
0.5,0.1,0.4,0.6,53.02324324324324,71,56.04675675675676,31
0.5,0.15,0.35,0.49999999999999994,52.597027027027025,76,55.52162162162163,41
0.5,0.2,0.3,0.3999999999999999,54.25432432432433,59,55.57351351351352,40
0.5,0.25,0.25,0.3999999999999999,55.95135135135135,22,57.42756756756757,6
0.5,0.3,0.2,0.3999999999999999,54.902702702702705,46,55.88702702702703,34
0.5,0.35,0.15,0.3999999999999999,55.24054054054054,39,55.48594594594594,42
0.5,0.4,0.1,0.39999999999999997,55.20324324324324,41,54.174054054054054,70
0.5,0.45,0.05,0.49999999999999994,54.508108108108104,53,51.79027027027027,102
0.5,0.5,0.0,0.6,52.58513513513514,77,52.174054054054054,96
0.55,0.0,0.45,0.7,50.91567567567568,94,55.46081081081081,44
0.55,0.05,0.4,0.6,52.70918918918919,73,56.545405405405404,21
0.55,0.1,0.35,0.4999999999999999,54.66162162162162,47,56.119189189189186,28
0.55,0.15,0.3,0.3999999999999999,53.384594594594596,69,55.841351351351356,35
0.55,0.2,0.25,0.29999999999999993,54.59216216216216,50,56.37864864864866,24
0.55,0.25,0.2,0.29999999999999993,54.32297297297298,57,55.01405405405406,52
0.55,0.3,0.15,0.2999999999999999,55.0027027027027,44,54.66432432432432,59
0.55,0.35,0.1,0.2999999999999999,55.2972972972973,38,54.60567567567567,60
0.55,0.4,0.05,0.3999999999999999,55.22108108108108,40,52.406486486486486,94
0.55,0.45,0.0,0.4999999999999999,54.633783783783784,49,51.58216216216216,105
0.6,0.0,0.4,0.6000000000000001,52.49567567567567,78,57.365945945945946,7
0.6,0.05,0.35,0.5,52.612432432432435,75,56.85513513513513,13
0.6,0.1,0.3,0.39999999999999997,54.53837837837838,51,55.24108108108108,49
0.6,0.15,0.25,0.3,55.71675675675676,30,57.1281081081081,11
0.6,0.2,0.2,0.19999999999999998,55.3754054054054,36,55.25702702702703,48
0.6,0.25,0.15,0.19999999999999996,54.4972972972973,54,54.37972972972973,63
0.6,0.3,0.1,0.19999999999999996,55.18378378378378,42,54.26243243243243,65
0.6,0.35,0.05,0.29999999999999993,55.65945945945946,32,53.287567567567564,80
0.6,0.4,0.0,0.4,54.93324324324324,45,50.968648648648646,113
0.65,0.0,0.35,0.4999999999999999,54.28675675675675,58,57.49081081081081,5
0.65,0.05,0.3,0.3999999999999999,53.586756756756756,66,58.23135135135135,3
0.65,0.1,0.25,0.29999999999999993,56.34432432432432,11,56.6727027027027,20
0.65,0.15,0.2,0.19999999999999996,56.82918918918919,6,56.391081081081076,23
0.65,0.2,0.15,0.09999999999999992,56.20648648648648,13,54.71918918918919,58
0.65,0.25,0.1,0.09999999999999992,55.332432432432434,37,53.67972972972973,78
0.65,0.3,0.05,0.1999999999999999,55.57189189189189,34,54.148918918918916,71
0.65,0.35,0.0,0.29999999999999993,55.032162162162166,43,52.34972972972973,95
0.7,0.0,0.3,0.4,54.512972972972975,52,58.89756756756757,1
0.7,0.05,0.25,0.30000000000000004,55.711351351351354,31,56.769459459459455,17
0.7,0.1,0.2,0.2,55.717837837837834,29,56.09972972972973,30
0.7,0.15,0.15,0.1,56.77513513513513,7,55.81378378378379,37
0.7,0.2,0.1,0.0,55.99243243243243,20,54.23405405405405,68
0.7,0.25,0.05,0.09999999999999999,55.601621621621625,33,52.8127027027027,86
0.7,0.3,0.0,0.19999999999999998,55.90243243243243,23,55.09486486486487,51
0.75,0.0,0.25,0.4,55.79783783783784,28,58.80135135135136,2
0.75,0.05,0.2,0.30000000000000004,55.86297297297297,24,56.744864864864866,19
0.75,0.1,0.15,0.20000000000000004,56.17486486486486,14,56.24135135135135,26
0.75,0.15,0.1,0.10000000000000006,57.792972972972976,1,54.74621621621621,57
0.75,0.2,0.05,0.10000000000000005,56.51459459459459,9,53.715135135135135,77
0.75,0.25,0.0,0.20000000000000004,56.329459459459464,12,51.994864864864866,100
0.8,0.0,0.2,0.40000000000000013,56.02540540540541,19,56.99324324324324,12
0.8,0.05,0.15,0.3000000000000001,56.098108108108114,17,57.1827027027027,10
0.8,0.1,0.1,0.2000000000000001,56.17081081081081,15,56.800810810810816,16
0.8,0.15,0.05,0.20000000000000012,57.16972972972974,3,55.81378378378379,36
0.8,0.2,0.0,0.2000000000000001,55.83432432432432,25,52.72243243243243,89
0.85,0.0,0.15,0.4,56.9054054054054,4,57.272162162162154,9
0.85,0.05,0.1,0.30000000000000004,55.97027027027027,21,56.82756756756756,15
0.85,0.1,0.05,0.3,56.59054054054054,8,56.35675675675675,25
0.85,0.15,0.0,0.30000000000000004,56.34621621621621,10,54.761351351351344,56
0.9,0.0,0.1,0.4000000000000001,55.833513513513516,26,57.59918918918919,4
0.9,0.05,0.05,0.4000000000000001,57.2227027027027,2,57.29108108108108,8
0.9,0.1,0.0,0.4,56.14027027027027,16,54.57297297297297,61
0.95,0.0,0.05,0.5,55.833513513513516,27,55.9972972972973,33
0.95,0.05,0.0,0.5,56.056216216216214,18,56.024324324324326,32
1.0,0.0,0.0,0.6,56.88810810810811,5,56.758918918918916,18
