w_expected,w_upside,w_economic,mean_utility,sd_utility,rank_mean
0.7,0.0,0.3,58.89756756756757,16.174401999147605,1
0.75,0.0,0.25,58.80135135135136,16.609728936540336,2
0.65,0.05,0.3,58.23135135135135,16.644728087989996,3
0.9,0.0,0.1,57.59918918918919,16.762295384181325,4
0.65,0.0,0.35,57.49081081081081,16.14805343934308,5
0.5,0.25,0.25,57.42756756756757,15.396166803859078,6
0.6,0.0,0.4,57.365945945945946,17.32566295981187,7
0.9,0.05,0.05,57.29108108108108,14.66541032190746,8
0.85,0.0,0.15,57.272162162162154,17.800542303713847,9
0.8,0.05,0.15,57.1827027027027,15.371558449264642,10
0.6,0.15,0.25,57.1281081081081,14.153493451331263,11
0.8,0.0,0.2,56.99324324324324,17.30230268137967,12
0.6,0.05,0.35,56.85513513513513,16.758488002207127,13
0.45,0.3,0.25,56.83837837837838,15.458826948725143,14
0.85,0.05,0.1,56.82756756756756,14.649042328464382,15
0.8,0.1,0.1,56.800810810810816,16.591353902690532,16
0.7,0.05,0.25,56.769459459459455,15.203671330370241,17
1.0,0.0,0.0,56.758918918918916,15.310466242952126,18
0.75,0.05,0.2,56.744864864864866,15.226132255220083,19
0.65,0.1,0.25,56.6727027027027,15.981626716091592,20
0.55,0.05,0.4,56.545405405405404,16.568525649320524,21
0.45,0.25,0.3,56.47540540540541,14.49236592037235,22
0.65,0.15,0.2,56.391081081081076,15.539564341058922,23
0.55,0.2,0.25,56.37864864864866,15.1611387658935,24
0.85,0.1,0.05,56.35675675675675,15.370999218234546,25
0.75,0.1,0.15,56.24135135135135,16.655242444975123,26
0.4,0.25,0.35,56.14702702702703,15.21106886171764,27
0.55,0.1,0.35,56.119189189189186,17.737787563776312,28
0.4,0.3,0.3,56.10648648648649,15.173636167199163,29
0.7,0.1,0.2,56.09972972972973,16.25282752947015,30
0.5,0.1,0.4,56.04675675675676,16.16158013693347,31
0.95,0.05,0.0,56.024324324324326,14.495261014962507,32
0.95,0.0,0.05,55.9972972972973,15.805508998912838,33
0.5,0.3,0.2,55.88702702702703,14.347042061551083,34
0.55,0.15,0.3,55.841351351351356,14.705272327782112,35
0.8,0.15,0.05,55.81378378378379,14.67914627235812,36
0.7,0.15,0.15,55.81378378378379,15.487998642560374,37
0.45,0.2,0.35,55.784324324324324,13.765276875074015,38
0.45,0.35,0.2,55.641081081081076,15.589540614674206,39
0.5,0.2,0.3,55.57351351351352,14.437880002929068,40
0.5,0.15,0.35,55.52162162162163,15.215061345316418,41
0.5,0.35,0.15,55.48594594594594,14.648144641607054,42
0.35,0.35,0.3,55.461891891891895,15.332699957541331,43
0.55,0.0,0.45,55.46081081081081,16.123359240965055,44
0.45,0.4,0.15,55.3681081081081,16.09718640664294,45
0.5,0.05,0.45,55.28243243243244,15.532217664763316,46
0.35,0.4,0.25,55.26810810810811,15.763991463994039,47
0.6,0.2,0.2,55.25702702702703,15.148490182351667,48
0.6,0.1,0.3,55.24108108108108,16.386083659242306,49
0.4,0.35,0.25,55.167297297297296,16.475212803995493,50
0.7,0.3,0.0,55.09486486486487,13.15461761377215,51
0.55,0.25,0.2,55.01405405405406,14.107603438386507,52
0.3,0.45,0.25,54.91675675675676,15.685857581849902,53
0.45,0.1,0.45,54.796216216216216,18.37978348188141,54
0.35,0.3,0.35,54.795675675675675,16.110398046765486,55
0.85,0.15,0.0,54.761351351351344,15.275663499349067,56
0.75,0.15,0.1,54.74621621621621,14.584628580832659,57
0.65,0.2,0.15,54.71918918918919,14.597403760482424,58
0.55,0.3,0.15,54.66432432432432,14.791966013973887,59
0.55,0.35,0.1,54.60567567567567,15.339414109581408,60
0.9,0.1,0.0,54.57297297297297,15.55280376024866,61
0.4,0.45,0.15,54.48243243243243,16.180124536913496,62
0.6,0.25,0.15,54.37972972972973,13.801761257673377,63
0.4,0.4,0.2,54.32297297297298,15.843257743151057,64
0.6,0.3,0.1,54.26243243243243,14.0346035461176,65
0.3,0.4,0.3,54.2572972972973,17.641272259588785,66
0.4,0.2,0.4,54.241081081081084,15.562546882353974,67
0.7,0.2,0.1,54.23405405405405,14.73526221526283,68
0.45,0.15,0.4,54.218648648648646,15.723019246767917,69
0.5,0.4,0.1,54.174054054054054,14.938891536199414,70
0.65,0.3,0.05,54.148918918918916,13.659090539064243,71
0.5,0.0,0.5,54.05432432432433,18.404056397758943,72
0.45,0.45,0.1,53.85243243243243,16.10576887767675,73
0.35,0.25,0.4,53.82378378378378,17.084875272095584,74
0.45,0.0,0.55,53.78135135135135,19.155143516119193,75
0.35,0.45,0.2,53.777027027027025,15.88665352931071,76
0.75,0.2,0.05,53.715135135135135,12.621488207203006,77
0.65,0.25,0.1,53.67972972972973,13.88329741621734,78
0.45,0.05,0.5,53.32,15.474807663496899,79
0.6,0.35,0.05,53.287567567567564,13.397691012800472,80
0.35,0.5,0.15,52.92027027027027,15.768211426524939,81
0.3,0.55,0.15,52.83378378378379,15.784588713072027,82
0.4,0.05,0.55,52.817837837837835,17.371257892010895,83
0.3,0.5,0.2,52.81675675675676,15.464777732004437,84
0.25,0.35,0.4,52.814054054054054,15.699027828970006,85
0.7,0.25,0.05,52.8127027027027,12.131996411841579,86
0.3,0.35,0.35,52.77,17.116987338768343,87
0.3,0.3,0.4,52.72918918918919,16.491681468475484,88
0.8,0.2,0.0,52.72243243243243,13.579154450317796,89
0.25,0.4,0.35,52.72135135135135,17.840569896565363,90
0.25,0.45,0.3,52.719459459459465,17.328678052091366,91
0.25,0.5,0.25,52.62756756756757,15.779805027207932,92
0.2,0.45,0.35,52.509459459459464,16.385338627014143,93
0.55,0.4,0.05,52.406486486486486,12.51520702013182,94
0.65,0.35,0.0,52.34972972972973,12.974863194844291,95
0.5,0.5,0.0,52.174054054054054,15.707731015766205,96
0.4,0.15,0.45,52.118648648648644,15.005028446446833,97
0.2,0.5,0.3,52.111351351351345,15.583504662545186,98
0.4,0.1,0.5,52.093513513513514,17.113895299209716,99
0.75,0.25,0.0,51.994864864864866,12.969192903360044,100
0.25,0.6,0.15,51.825135135135135,14.892525646112555,101
0.5,0.45,0.05,51.79027027027027,14.780289706694314,102
0.35,0.1,0.55,51.76837837837838,16.282015899198164,103
0.4,0.5,0.1,51.69027027027027,15.231196693060681,104
0.55,0.45,0.0,51.58216216216216,15.646604554473921,105
0.15,0.5,0.35,51.53918918918919,16.249784678638115,106
0.45,0.5,0.05,51.53621621621621,15.271249012323661,107
0.35,0.05,0.6,51.47621621621622,18.69065160735461,108
0.35,0.55,0.1,51.32729729729729,15.16455418413623,109
0.25,0.65,0.1,51.20972972972973,14.690873298012557,110
0.2,0.65,0.15,51.17648648648649,14.90054850150308,111
0.3,0.6,0.1,50.99621621621621,14.732468178096251,112
0.6,0.4,0.0,50.968648648648646,13.185341010666642,113
0.45,0.55,0.0,50.722972972972975,15.8855372491362,114
0.25,0.55,0.2,50.61945945945946,14.655252176826112,115
0.2,0.7,0.1,50.45027027027027,15.871371236440943,116
0.2,0.6,0.2,50.33297297297297,15.70172918022882,117
0.35,0.65,0.0,50.325675675675676,16.60084478113832,118
0.2,0.4,0.4,50.300540540540545,16.070952392774075,119
0.4,0.6,0.0,50.263513513513516,17.03296545855455,120
0.15,0.7,0.15,50.08189189189189,16.801356399912382,121
0.35,0.2,0.45,50.07621621621622,14.804018476854964,122
0.35,0.6,0.05,49.98783783783784,16.151806423764214,123
0.4,0.0,0.6,49.95162162162162,19.331752164295448,124
0.4,0.55,0.05,49.87405405405405,14.213306843991003,125
0.15,0.75,0.1,49.85216216216216,15.798576084771257,126
0.15,0.65,0.2,49.83864864864865,15.977473406532601,127
0.1,0.55,0.35,49.83378378378378,15.17190447126811,128
0.15,0.6,0.25,49.78243243243244,16.34721134991895,129
0.35,0.15,0.5,49.73756756756757,15.161426091932814,130
0.2,0.55,0.25,49.61405405405405,15.524818563881558,131
0.3,0.65,0.05,49.479729729729726,15.335694471556383,132
0.1,0.6,0.3,49.45,15.37042289593881,133
0.3,0.7,0.0,49.41216216216216,15.755161964528593,134
0.15,0.55,0.3,49.263513513513516,15.77890966100288,135
0.35,0.0,0.65,49.233513513513515,20.100732465401496,136
0.15,0.45,0.4,49.21405405405405,16.461953687798395,137
0.25,0.7,0.05,49.060810810810814,15.67918053031159,138
0.3,0.25,0.45,49.00216216216216,14.923195430666379,139
0.1,0.75,0.15,48.89,17.350742219154643,140
0.25,0.3,0.45,48.785405405405406,15.673076808228712,141
0.1,0.65,0.25,48.652702702702705,15.978814211436456,142
0.05,0.65,0.3,48.545945945945945,15.591709239111568,143
0.3,0.2,0.5,48.468918918918924,14.860891775204955,144
0.05,0.6,0.35,48.321621621621624,15.449824794676028,145
0.05,0.75,0.2,48.30972972972973,15.505917595565911,146
0.25,0.75,0.0,48.262702702702704,14.746181925548775,147
0.0,0.65,0.35,48.203783783783784,15.561402277456908,148
0.15,0.4,0.45,48.17891891891892,15.090147592199168,149
0.2,0.8,0.0,48.06,14.60368484702101,150
0.1,0.7,0.2,48.05837837837837,16.045560741822626,151
0.3,0.15,0.55,47.961891891891895,15.802144692315565,152
0.2,0.35,0.45,47.909729729729726,15.447251191372828,153
0.1,0.5,0.4,47.83378378378378,14.789253484155939,154
0.15,0.8,0.05,47.79810810810811,14.438680464070933,155
0.05,0.7,0.25,47.71378378378379,16.51732194316543,156
0.1,0.85,0.05,47.619729729729734,13.610310121065998,157
0.2,0.75,0.05,47.582432432432434,15.561043489254647,158
0.3,0.05,0.65,47.54243243243243,18.15971371614245,159
0.05,0.55,0.4,47.54054054054054,14.667221191400827,160
0.2,0.3,0.5,47.41918918918919,15.589911156895022,161
0.0,0.8,0.2,47.33378378378378,15.879814991811909,162
0.15,0.35,0.5,47.325945945945946,15.739314798628634,163
0.1,0.45,0.45,47.24783783783784,14.739151591582186,164
0.0,0.85,0.15,47.18702702702703,16.508580237908756,165
0.3,0.0,0.7,47.141621621621624,18.706578984338563,166
0.1,0.8,0.1,47.067567567567565,15.867730252413653,167
0.25,0.25,0.5,47.01756756756757,15.13043114708555,168
0.0,0.6,0.4,47.00108108108108,14.94326042509238,169
0.3,0.1,0.6,46.93783783783784,15.565477673209879,170
0.0,0.75,0.25,46.90945945945946,15.993573179031415,171
0.05,0.8,0.15,46.60081081081081,16.055140986677824,172
0.0,0.7,0.3,46.59594594594594,15.242650771849119,173
0.05,0.85,0.1,46.489999999999995,15.115367639885205,174
0.1,0.4,0.5,46.45594594594594,14.844065491984674,175
0.05,0.5,0.45,46.0181081081081,15.67233033048972,176
0.25,0.2,0.55,46.01621621621622,16.332817908763964,177
0.15,0.85,0.0,45.9972972972973,13.69887113123816,178
0.0,0.55,0.45,45.825405405405405,15.867707702996917,179
0.15,0.3,0.55,45.81648648648649,16.162347742037188,180
0.05,0.45,0.5,45.46405405405405,15.262939948970704,181
0.1,0.35,0.55,45.35297297297297,15.914159639359752,182
0.2,0.2,0.6,45.25405405405406,17.224426689291423,183
0.1,0.9,0.0,45.22162162162162,14.50543681856211,184
0.2,0.25,0.55,45.152702702702705,16.322961613194643,185
0.25,0.05,0.7,45.05135135135136,18.032067140107515,186
0.25,0.15,0.6,44.902432432432434,17.558207546678915,187
0.05,0.9,0.05,44.80486486486486,14.412558493978171,188
0.0,0.5,0.5,44.802972972972974,14.590964073103004,189
0.25,0.0,0.75,44.62783783783784,17.898336691053345,190
0.15,0.25,0.6,44.50027027027027,15.491784469067342,191
0.0,0.9,0.1,44.40054054054054,15.048095292159799,192
0.2,0.1,0.7,44.35702702702703,16.91767285429071,193
0.0,0.45,0.55,43.946216216216214,15.555291766853875,194
0.25,0.1,0.65,43.88918918918919,16.68376795610671,195
0.15,0.2,0.65,43.832432432432434,15.868214456265394,196
0.2,0.15,0.65,43.52324324324324,14.917219552892194,197
0.2,0.05,0.75,43.41891891891892,17.86780807669104,198
0.1,0.3,0.6,43.21351351351352,14.638782435749265,199
0.05,0.4,0.55,43.15432432432433,16.308044630478225,200
0.1,0.25,0.65,42.86108108108108,17.156133788723395,201
0.0,0.95,0.05,42.66702702702703,15.383361116779692,202
0.15,0.1,0.75,42.619729729729734,17.324066671426664,203
0.15,0.15,0.7,42.516216216216215,15.639459061288845,204
0.0,0.4,0.6,42.38648648648648,16.558268363606178,205
0.05,0.35,0.6,42.33783783783784,15.995503558315505,206
0.0,0.35,0.65,42.16594594594595,15.74646247035601,207
0.1,0.2,0.7,42.02945945945946,16.3265365017858,208
0.1,0.15,0.75,41.73243243243243,15.617142718714481,209
0.05,0.25,0.7,41.62135135135135,15.519141435688413,210
0.05,0.95,0.0,41.60216216216216,16.680810521064007,211
0.05,0.3,0.65,41.5172972972973,15.69377152614102,212
0.15,0.05,0.8,41.48891891891892,17.545179265697612,213
0.1,0.1,0.8,41.027837837837836,15.028449342485063,214
0.1,0.05,0.85,40.89972972972973,16.875988116994062,215
0.0,0.3,0.7,40.75945945945946,15.36697883738338,216
0.2,0.0,0.8,40.68459459459459,15.713715098352528,217
0.0,0.25,0.75,40.233513513513515,14.489366257174071,218
0.05,0.2,0.75,40.03864864864865,14.604470617314824,219
0.0,0.2,0.8,39.89,13.989730161800834,220
0.05,0.15,0.8,39.66675675675676,14.53337061425915,221
0.05,0.1,0.85,39.56135135135135,15.383458497533818,222
0.15,0.0,0.85,39.048918918918915,15.167909250157749,223
0.05,0.05,0.9,38.611621621621616,15.620494819576248,224
0.0,0.15,0.85,37.55135135135136,14.145023695467794,225
0.0,0.1,0.9,37.3072972972973,15.38216132202939,226
0.1,0.0,0.9,36.45756756756757,14.557057167001968,227
0.0,0.05,0.95,34.575945945945946,15.529487088092099,228
0.05,0.0,0.95,33.799189189189185,14.994356601064279,229
0.0,1.0,0.0,32.620000000000005,16.44900908869589,230
0.0,0.0,1.0,30.45594594594595,13.74479345050325,231
