season,round_target,position_id,position,n_train_performance,n_predicted,max_train_time_key,target_time_key,strict_no_future_training
2024,2,1,goleiro,2111,66,202338,202402,True
2024,2,2,lateral,5193,104,202338,202402,True
2024,2,3,zagueiro,5048,111,202338,202402,True
2024,2,4,meia,11133,219,202338,202402,True
2024,2,5,atacante,9092,171,202338,202402,True
2024,2,6,tecnico,2147,20,202338,202402,True
2024,3,1,goleiro,2127,66,202402,202403,True
2024,3,2,lateral,5230,106,202402,202403,True
2024,3,3,zagueiro,5087,111,202402,202403,True
2024,3,4,meia,11214,217,202402,202403,True
2024,3,5,atacante,9171,172,202402,202403,True
2024,3,6,tecnico,2167,20,202402,202403,True
2024,4,1,goleiro,2145,67,202403,202404,True
2024,4,2,lateral,5273,106,202403,202404,True
2024,4,3,zagueiro,5135,111,202403,202404,True
2024,4,4,meia,11309,217,202403,202404,True
2024,4,5,atacante,9254,173,202403,202404,True
2024,4,6,tecnico,2187,20,202403,202404,True
2024,5,1,goleiro,2165,66,202404,202405,True
2024,5,2,lateral,5324,107,202404,202405,True
2024,5,3,zagueiro,5185,113,202404,202405,True
2024,5,4,meia,11414,219,202404,202405,True
2024,5,5,atacante,9342,174,202404,202405,True
2024,5,6,tecnico,2207,20,202404,202405,True
2024,6,1,goleiro,2179,67,202405,202406,True
2024,6,2,lateral,5357,107,202405,202406,True
2024,6,3,zagueiro,5222,113,202405,202406,True
2024,6,4,meia,11490,219,202405,202406,True
2024,6,5,atacante,9404,174,202405,202406,True
2024,6,6,tecnico,2227,20,202405,202406,True
2024,7,1,goleiro,2193,67,202406,202407,True
2024,7,2,lateral,5392,107,202406,202407,True
2024,7,3,zagueiro,5255,114,202406,202407,True
2024,7,4,meia,11566,219,202406,202407,True
2024,7,5,atacante,9468,177,202406,202407,True
2024,7,6,tecnico,2247,20,202406,202407,True
2024,8,1,goleiro,2213,67,202407,202408,True
2024,8,2,lateral,5443,104,202407,202408,True
2024,8,3,zagueiro,5303,115,202407,202408,True
2024,8,4,meia,11677,216,202407,202408,True
2024,8,5,atacante,9553,178,202407,202408,True
2024,8,6,tecnico,2267,20,202407,202408,True
2024,9,1,goleiro,2233,68,202408,202409,True
2024,9,2,lateral,5491,106,202408,202409,True
2024,9,3,zagueiro,5349,117,202408,202409,True
2024,9,4,meia,11789,216,202408,202409,True
2024,9,5,atacante,9641,181,202408,202409,True
2024,9,6,tecnico,2287,20,202408,202409,True
2024,10,1,goleiro,2254,69,202409,202410,True
2024,10,2,lateral,5535,107,202409,202410,True
2024,10,3,zagueiro,5398,117,202409,202410,True
2024,10,4,meia,11900,218,202409,202410,True
2024,10,5,atacante,9728,182,202409,202410,True
2024,10,6,tecnico,2307,20,202409,202410,True
2024,11,1,goleiro,2274,69,202410,202411,True
2024,11,2,lateral,5580,108,202410,202411,True
2024,11,3,zagueiro,5443,118,202410,202411,True
2024,11,4,meia,12020,220,202410,202411,True
2024,11,5,atacante,9813,182,202410,202411,True
2024,11,6,tecnico,2327,20,202410,202411,True
2024,12,1,goleiro,2294,70,202411,202412,True
2024,12,2,lateral,5636,109,202411,202412,True
2024,12,3,zagueiro,5492,119,202411,202412,True
2024,12,4,meia,12132,220,202411,202412,True
2024,12,5,atacante,9892,182,202411,202412,True
2024,12,6,tecnico,2347,20,202411,202412,True
2024,13,1,goleiro,2314,72,202412,202413,True
2024,13,2,lateral,5692,109,202412,202413,True
2024,13,3,zagueiro,5540,119,202412,202413,True
2024,13,4,meia,12243,222,202412,202413,True
2024,13,5,atacante,9971,180,202412,202413,True
2024,13,6,tecnico,2367,20,202412,202413,True
2024,14,1,goleiro,2334,73,202413,202414,True
2024,14,2,lateral,5746,108,202413,202414,True
2024,14,3,zagueiro,5586,119,202413,202414,True
2024,14,4,meia,12352,221,202413,202414,True
2024,14,5,atacante,10051,183,202413,202414,True
2024,14,6,tecnico,2387,20,202413,202414,True
2024,15,1,goleiro,2355,77,202414,202415,True
2024,15,2,lateral,5800,110,202414,202415,True
2024,15,3,zagueiro,5634,120,202414,202415,True
2024,15,4,meia,12461,223,202414,202415,True
2024,15,5,atacante,10133,184,202414,202415,True
2024,15,6,tecnico,2407,20,202414,202415,True
2024,16,1,goleiro,2375,78,202415,202416,True
2024,16,2,lateral,5851,110,202415,202416,True
2024,16,3,zagueiro,5681,120,202415,202416,True
2024,16,4,meia,12569,225,202415,202416,True
2024,16,5,atacante,10221,185,202415,202416,True
2024,16,6,tecnico,2427,20,202415,202416,True
2024,17,1,goleiro,2391,77,202416,202417,True
2024,17,2,lateral,5895,111,202416,202417,True
2024,17,3,zagueiro,5717,122,202416,202417,True
2024,17,4,meia,12652,227,202416,202417,True
2024,17,5,atacante,10292,183,202416,202417,True
2024,17,6,tecnico,2447,19,202416,202417,True
2024,18,1,goleiro,2403,77,202417,202418,True
2024,18,2,lateral,5926,109,202417,202418,True
2024,18,3,zagueiro,5742,123,202417,202418,True
2024,18,4,meia,12715,236,202417,202418,True
2024,18,5,atacante,10342,193,202417,202418,True
2024,18,6,tecnico,2466,20,202417,202418,True
2024,19,1,goleiro,2424,77,202418,202419,True
2024,19,2,lateral,5977,109,202418,202419,True
2024,19,3,zagueiro,5792,126,202418,202419,True
2024,19,4,meia,12823,235,202418,202419,True
2024,19,5,atacante,10425,195,202418,202419,True
2024,19,6,tecnico,2486,20,202418,202419,True
2024,20,1,goleiro,2436,77,202419,202420,True
2024,20,2,lateral,6007,108,202419,202420,True
2024,20,3,zagueiro,5818,126,202419,202420,True
2024,20,4,meia,12888,238,202419,202420,True
2024,20,5,atacante,10478,196,202419,202420,True
2024,20,6,tecnico,2506,20,202419,202420,True
2024,21,1,goleiro,2456,78,202420,202421,True
2024,21,2,lateral,6057,108,202420,202421,True
2024,21,3,zagueiro,5867,126,202420,202421,True
2024,21,4,meia,12998,240,202420,202421,True
2024,21,5,atacante,10565,197,202420,202421,True
2024,21,6,tecnico,2526,20,202420,202421,True
2024,22,1,goleiro,2477,78,202421,202422,True
2024,22,2,lateral,6106,107,202421,202422,True
2024,22,3,zagueiro,5916,126,202421,202422,True
2024,22,4,meia,13112,234,202421,202422,True
2024,22,5,atacante,10645,189,202421,202422,True
2024,22,6,tecnico,2546,20,202421,202422,True
2024,23,1,goleiro,2497,78,202422,202423,True
2024,23,2,lateral,6157,106,202422,202423,True
2024,23,3,zagueiro,5967,126,202422,202423,True
2024,23,4,meia,13218,234,202422,202423,True
2024,23,5,atacante,10732,189,202422,202423,True
2024,23,6,tecnico,2566,20,202422,202423,True
2024,24,1,goleiro,2518,78,202423,202424,True
2024,24,2,lateral,6201,109,202423,202424,True
2024,24,3,zagueiro,6020,127,202423,202424,True
2024,24,4,meia,13333,234,202423,202424,True
2024,24,5,atacante,10817,189,202423,202424,True
2024,24,6,tecnico,2586,20,202423,202424,True
2024,25,1,goleiro,2536,78,202424,202425,True
2024,25,2,lateral,6241,113,202424,202425,True
2024,25,3,zagueiro,6066,129,202424,202425,True
2024,25,4,meia,13443,238,202424,202425,True
2024,25,5,atacante,10886,189,202424,202425,True
2024,25,6,tecnico,2606,19,202424,202425,True
2024,26,1,goleiro,2556,78,202425,202426,True
2024,26,2,lateral,6291,118,202425,202426,True
2024,26,3,zagueiro,6115,130,202425,202426,True
2024,26,4,meia,13555,241,202425,202426,True
2024,26,5,atacante,10970,192,202425,202426,True
2024,26,6,tecnico,2625,20,202425,202426,True
2024,27,1,goleiro,2576,80,202426,202427,True
2024,27,2,lateral,6341,121,202426,202427,True
2024,27,3,zagueiro,6163,131,202426,202427,True
2024,27,4,meia,13661,242,202426,202427,True
2024,27,5,atacante,11061,192,202426,202427,True
2024,27,6,tecnico,2645,20,202426,202427,True
2024,28,1,goleiro,2596,82,202427,202428,True
2024,28,2,lateral,6388,120,202427,202428,True
2024,28,3,zagueiro,6209,130,202427,202428,True
2024,28,4,meia,13777,241,202427,202428,True
2024,28,5,atacante,11149,188,202427,202428,True
2024,28,6,tecnico,2665,19,202427,202428,True
2024,29,1,goleiro,2616,82,202428,202429,True
2024,29,2,lateral,6434,120,202428,202429,True
2024,29,3,zagueiro,6257,130,202428,202429,True
2024,29,4,meia,13891,242,202428,202429,True
2024,29,5,atacante,11234,189,202428,202429,True
2024,29,6,tecnico,2684,20,202428,202429,True
2024,30,1,goleiro,2638,82,202429,202430,True
2024,30,2,lateral,6487,120,202429,202430,True
2024,30,3,zagueiro,6304,132,202429,202430,True
2024,30,4,meia,14003,242,202429,202430,True
2024,30,5,atacante,11320,188,202429,202430,True
2024,30,6,tecnico,2704,20,202429,202430,True
2024,31,1,goleiro,2658,82,202430,202431,True
2024,31,2,lateral,6535,120,202430,202431,True
2024,31,3,zagueiro,6350,133,202430,202431,True
2024,31,4,meia,14119,243,202430,202431,True
2024,31,5,atacante,11406,188,202430,202431,True
2024,31,6,tecnico,2724,20,202430,202431,True
2024,32,1,goleiro,2678,82,202431,202432,True
2024,32,2,lateral,6584,120,202431,202432,True
2024,32,3,zagueiro,6397,133,202431,202432,True
2024,32,4,meia,14238,244,202431,202432,True
2024,32,5,atacante,11482,189,202431,202432,True
2024,32,6,tecnico,2744,19,202431,202432,True
2024,33,1,goleiro,2697,82,202432,202433,True
2024,33,2,lateral,6632,119,202432,202433,True
2024,33,3,zagueiro,6442,133,202432,202433,True
2024,33,4,meia,14338,244,202432,202433,True
2024,33,5,atacante,11557,189,202432,202433,True
2024,33,6,tecnico,2763,20,202432,202433,True
2024,34,1,goleiro,2711,82,202433,202434,True
2024,34,2,lateral,6667,119,202433,202434,True
2024,34,3,zagueiro,6476,133,202433,202434,True
2024,34,4,meia,14412,244,202433,202434,True
2024,34,5,atacante,11622,190,202433,202434,True
2024,34,6,tecnico,2783,20,202433,202434,True
2024,35,1,goleiro,2729,82,202434,202435,True
2024,35,2,lateral,6713,119,202434,202435,True
2024,35,3,zagueiro,6520,134,202434,202435,True
2024,35,4,meia,14512,245,202434,202435,True
2024,35,5,atacante,11696,190,202434,202435,True
2024,35,6,tecnico,2803,20,202434,202435,True
2024,36,1,goleiro,2749,82,202435,202436,True
2024,36,2,lateral,6760,120,202435,202436,True
2024,36,3,zagueiro,6567,134,202435,202436,True
2024,36,4,meia,14631,243,202435,202436,True
2024,36,5,atacante,11781,190,202435,202436,True
2024,36,6,tecnico,2823,20,202435,202436,True
2024,37,1,goleiro,2765,82,202436,202437,True
2024,37,2,lateral,6802,120,202436,202437,True
2024,37,3,zagueiro,6607,135,202436,202437,True
2024,37,4,meia,14720,244,202436,202437,True
2024,37,5,atacante,11846,191,202436,202437,True
2024,37,6,tecnico,2843,20,202436,202437,True
2024,38,1,goleiro,2784,82,202437,202438,True
2024,38,2,lateral,6852,120,202437,202438,True
2024,38,3,zagueiro,6650,135,202437,202438,True
2024,38,4,meia,14821,244,202437,202438,True
2024,38,5,atacante,11918,192,202437,202438,True
2024,38,6,tecnico,2863,20,202437,202438,True
2025,2,1,goleiro,2804,58,202438,202502,True
2025,2,2,lateral,6906,100,202438,202502,True
2025,2,3,zagueiro,6697,108,202438,202502,True
2025,2,4,meia,14935,183,202438,202502,True
2025,2,5,atacante,11997,150,202438,202502,True
2025,2,6,tecnico,2883,20,202438,202502,True
2025,3,1,goleiro,2825,65,202502,202503,True
2025,3,2,lateral,6971,105,202502,202503,True
2025,3,3,zagueiro,6750,113,202502,202503,True
2025,3,4,meia,15052,206,202502,202503,True
2025,3,5,atacante,12100,165,202502,202503,True
2025,3,6,tecnico,2903,20,202502,202503,True
2025,4,1,goleiro,2845,65,202503,202504,True
2025,4,2,lateral,7020,106,202503,202504,True
2025,4,3,zagueiro,6798,116,202503,202504,True
2025,4,4,meia,15155,210,202503,202504,True
2025,4,5,atacante,12193,170,202503,202504,True
2025,4,6,tecnico,2923,20,202503,202504,True
2025,5,1,goleiro,2864,66,202504,202505,True
2025,5,2,lateral,7064,107,202504,202505,True
2025,5,3,zagueiro,6840,118,202504,202505,True
2025,5,4,meia,15255,213,202504,202505,True
2025,5,5,atacante,12273,171,202504,202505,True
2025,5,6,tecnico,2943,20,202504,202505,True
2025,6,1,goleiro,2884,67,202505,202506,True
2025,6,2,lateral,7113,108,202505,202506,True
2025,6,3,zagueiro,6887,119,202505,202506,True
2025,6,4,meia,15365,216,202505,202506,True
2025,6,5,atacante,12363,173,202505,202506,True
2025,6,6,tecnico,2963,20,202505,202506,True
2025,7,1,goleiro,2904,68,202506,202507,True
2025,7,2,lateral,7163,111,202506,202507,True
2025,7,3,zagueiro,6934,121,202506,202507,True
2025,7,4,meia,15469,217,202506,202507,True
2025,7,5,atacante,12457,175,202506,202507,True
2025,7,6,tecnico,2983,20,202506,202507,True
2025,8,1,goleiro,2922,69,202507,202508,True
2025,8,2,lateral,7210,111,202507,202508,True
2025,8,3,zagueiro,6975,121,202507,202508,True
2025,8,4,meia,15565,217,202507,202508,True
2025,8,5,atacante,12539,176,202507,202508,True
2025,8,6,tecnico,3003,20,202507,202508,True
2025,9,1,goleiro,2942,69,202508,202509,True
2025,9,2,lateral,7259,113,202508,202509,True
2025,9,3,zagueiro,7019,121,202508,202509,True
2025,9,4,meia,15680,217,202508,202509,True
2025,9,5,atacante,12627,176,202508,202509,True
2025,9,6,tecnico,3023,18,202508,202509,True
2025,10,1,goleiro,2962,69,202509,202510,True
2025,10,2,lateral,7308,112,202509,202510,True
2025,10,3,zagueiro,7068,120,202509,202510,True
2025,10,4,meia,15792,219,202509,202510,True
2025,10,5,atacante,12711,177,202509,202510,True
2025,10,6,tecnico,3041,20,202509,202510,True
2025,11,1,goleiro,2981,69,202510,202511,True
2025,11,2,lateral,7349,114,202510,202511,True
2025,11,3,zagueiro,7112,121,202510,202511,True
2025,11,4,meia,15893,219,202510,202511,True
2025,11,5,atacante,12789,177,202510,202511,True
2025,11,6,tecnico,3061,20,202510,202511,True
2025,12,1,goleiro,3001,71,202511,202512,True
2025,12,2,lateral,7400,115,202511,202512,True
2025,12,3,zagueiro,7160,121,202511,202512,True
2025,12,4,meia,15998,223,202511,202512,True
2025,12,5,atacante,12876,176,202511,202512,True
2025,12,6,tecnico,3081,20,202511,202512,True
2025,13,1,goleiro,3013,72,202512,202513,True
2025,13,2,lateral,7428,115,202512,202513,True
2025,13,3,zagueiro,7190,121,202512,202513,True
2025,13,4,meia,16061,224,202512,202513,True
2025,13,5,atacante,12930,175,202512,202513,True
2025,13,6,tecnico,3101,20,202512,202513,True
2025,14,1,goleiro,3029,71,202513,202514,True
2025,14,2,lateral,7469,110,202513,202514,True
2025,14,3,zagueiro,7226,120,202513,202514,True
2025,14,4,meia,16140,221,202513,202514,True
2025,14,5,atacante,13002,177,202513,202514,True
2025,14,6,tecnico,3121,19,202513,202514,True
2025,15,1,goleiro,3041,72,202514,202515,True
2025,15,2,lateral,7501,111,202514,202515,True
2025,15,3,zagueiro,7255,120,202514,202515,True
2025,15,4,meia,16206,224,202514,202515,True
2025,15,5,atacante,13051,177,202514,202515,True
2025,15,6,tecnico,3140,20,202514,202515,True
2025,16,1,goleiro,3061,72,202515,202516,True
2025,16,2,lateral,7554,113,202515,202516,True
2025,16,3,zagueiro,7305,119,202515,202516,True
2025,16,4,meia,16308,226,202515,202516,True
2025,16,5,atacante,13140,180,202515,202516,True
2025,16,6,tecnico,3160,20,202515,202516,True
2025,17,1,goleiro,3075,72,202516,202517,True
2025,17,2,lateral,7589,114,202516,202517,True
2025,17,3,zagueiro,7337,119,202516,202517,True
2025,17,4,meia,16381,225,202516,202517,True
2025,17,5,atacante,13206,182,202516,202517,True
2025,17,6,tecnico,3180,20,202516,202517,True
2025,18,1,goleiro,3096,76,202517,202518,True
2025,18,2,lateral,7640,114,202517,202518,True
2025,18,3,zagueiro,7383,120,202517,202518,True
2025,18,4,meia,16484,226,202517,202518,True
2025,18,5,atacante,13298,184,202517,202518,True
2025,18,6,tecnico,3200,20,202517,202518,True
2025,19,1,goleiro,3116,78,202518,202519,True
2025,19,2,lateral,7694,116,202518,202519,True
2025,19,3,zagueiro,7429,116,202518,202519,True
2025,19,4,meia,16586,228,202518,202519,True
2025,19,5,atacante,13389,184,202518,202519,True
2025,19,6,tecnico,3220,20,202518,202519,True
2025,20,1,goleiro,3136,79,202519,202520,True
2025,20,2,lateral,7748,117,202519,202520,True
2025,20,3,zagueiro,7473,118,202519,202520,True
2025,20,4,meia,16691,227,202519,202520,True
2025,20,5,atacante,13478,186,202519,202520,True
2025,20,6,tecnico,3240,20,202519,202520,True
2025,21,1,goleiro,3156,83,202520,202521,True
2025,21,2,lateral,7795,118,202520,202521,True
2025,21,3,zagueiro,7519,121,202520,202521,True
2025,21,4,meia,16797,227,202520,202521,True
2025,21,5,atacante,13571,187,202520,202521,True
2025,21,6,tecnico,3260,20,202520,202521,True
2025,22,1,goleiro,3176,82,202521,202522,True
2025,22,2,lateral,7844,119,202521,202522,True
2025,22,3,zagueiro,7562,125,202521,202522,True
2025,22,4,meia,16900,233,202521,202522,True
2025,22,5,atacante,13665,188,202521,202522,True
2025,22,6,tecnico,3280,20,202521,202522,True
2025,23,1,goleiro,3196,83,202522,202523,True
2025,23,2,lateral,7891,120,202522,202523,True
2025,23,3,zagueiro,7608,128,202522,202523,True
2025,23,4,meia,17003,235,202522,202523,True
2025,23,5,atacante,13758,188,202522,202523,True
2025,23,6,tecnico,3300,20,202522,202523,True
2025,24,1,goleiro,3218,82,202523,202524,True
2025,24,2,lateral,7942,124,202523,202524,True
2025,24,3,zagueiro,7653,131,202523,202524,True
2025,24,4,meia,17100,234,202523,202524,True
2025,24,5,atacante,13854,183,202523,202524,True
2025,24,6,tecnico,3320,20,202523,202524,True
2025,25,1,goleiro,3238,83,202524,202525,True
2025,25,2,lateral,7996,125,202524,202525,True
2025,25,3,zagueiro,7694,132,202524,202525,True
2025,25,4,meia,17212,233,202524,202525,True
2025,25,5,atacante,13942,182,202524,202525,True
2025,25,6,tecnico,3340,20,202524,202525,True
2025,26,1,goleiro,3258,85,202525,202526,True
2025,26,2,lateral,8048,126,202525,202526,True
2025,26,3,zagueiro,7747,134,202525,202526,True
2025,26,4,meia,17308,235,202525,202526,True
2025,26,5,atacante,14035,186,202525,202526,True
2025,26,6,tecnico,3360,20,202525,202526,True
2025,27,1,goleiro,3276,84,202526,202527,True
2025,27,2,lateral,8096,126,202526,202527,True
2025,27,3,zagueiro,7788,135,202526,202527,True
2025,27,4,meia,17404,236,202526,202527,True
2025,27,5,atacante,14114,186,202526,202527,True
2025,27,6,tecnico,3380,20,202526,202527,True
2025,28,1,goleiro,3296,85,202527,202528,True
2025,28,2,lateral,8148,127,202527,202528,True
2025,28,3,zagueiro,7838,135,202527,202528,True
2025,28,4,meia,17511,236,202527,202528,True
2025,28,5,atacante,14202,186,202527,202528,True
2025,28,6,tecnico,3400,20,202527,202528,True
2025,29,1,goleiro,3317,86,202528,202529,True
2025,29,2,lateral,8200,128,202528,202529,True
2025,29,3,zagueiro,7883,135,202528,202529,True
2025,29,4,meia,17617,238,202528,202529,True
2025,29,5,atacante,14295,190,202528,202529,True
2025,29,6,tecnico,3420,20,202528,202529,True
2025,30,1,goleiro,3337,87,202529,202530,True
2025,30,2,lateral,8256,128,202529,202530,True
2025,30,3,zagueiro,7929,135,202529,202530,True
2025,30,4,meia,17717,238,202529,202530,True
2025,30,5,atacante,14390,190,202529,202530,True
2025,30,6,tecnico,3440,20,202529,202530,True
2025,31,1,goleiro,3358,87,202530,202531,True
2025,31,2,lateral,8312,128,202530,202531,True
2025,31,3,zagueiro,7977,135,202530,202531,True
2025,31,4,meia,17817,239,202530,202531,True
2025,31,5,atacante,14480,191,202530,202531,True
2025,31,6,tecnico,3460,20,202530,202531,True
2025,32,1,goleiro,3378,88,202531,202532,True
2025,32,2,lateral,8360,128,202531,202532,True
2025,32,3,zagueiro,8027,135,202531,202532,True
2025,32,4,meia,17922,239,202531,202532,True
2025,32,5,atacante,14572,192,202531,202532,True
2025,32,6,tecnico,3480,20,202531,202532,True
2025,33,1,goleiro,3398,88,202532,202533,True
2025,33,2,lateral,8410,128,202532,202533,True
2025,33,3,zagueiro,8072,135,202532,202533,True
2025,33,4,meia,18036,239,202532,202533,True
2025,33,5,atacante,14659,191,202532,202533,True
2025,33,6,tecnico,3500,20,202532,202533,True
2025,34,1,goleiro,3418,89,202533,202534,True
2025,34,2,lateral,8464,128,202533,202534,True
2025,34,3,zagueiro,8120,135,202533,202534,True
2025,34,4,meia,18143,239,202533,202534,True
2025,34,5,atacante,14748,191,202533,202534,True
2025,34,6,tecnico,3520,20,202533,202534,True
2025,35,1,goleiro,3433,89,202534,202535,True
2025,35,2,lateral,8505,128,202534,202535,True
2025,35,3,zagueiro,8152,136,202534,202535,True
2025,35,4,meia,18214,239,202534,202535,True
2025,35,5,atacante,14811,191,202534,202535,True
2025,35,6,tecnico,3540,20,202534,202535,True
2025,36,1,goleiro,3451,91,202535,202536,True
2025,36,2,lateral,8552,128,202535,202536,True
2025,36,3,zagueiro,8195,136,202535,202536,True
2025,36,4,meia,18314,239,202535,202536,True
2025,36,5,atacante,14891,191,202535,202536,True
2025,36,6,tecnico,3560,20,202535,202536,True
2025,37,1,goleiro,3465,91,202536,202537,True
2025,37,2,lateral,8590,128,202536,202537,True
2025,37,3,zagueiro,8226,136,202536,202537,True
2025,37,4,meia,18393,240,202536,202537,True
2025,37,5,atacante,14952,191,202536,202537,True
2025,37,6,tecnico,3580,20,202536,202537,True
2025,38,1,goleiro,3481,92,202537,202538,True
2025,38,2,lateral,8629,128,202537,202538,True
2025,38,3,zagueiro,8265,136,202537,202538,True
2025,38,4,meia,18484,240,202537,202538,True
2025,38,5,atacante,15019,191,202537,202538,True
2025,38,6,tecnico,3600,20,202537,202538,True
